1|Espere mientras se abre la aplicación|2016-05-24T09:30:24.0000000|2016-05-24T09:30:36.0000000|ManicTime|ManicTime/Applications
2|Program Manager|2016-05-24T09:30:36.0000000|2016-05-24T09:30:42.0000000|Sistema operativo Microsoft® Windows®|ManicTime/Applications
3||2016-05-24T09:30:24.0000000|2016-05-24T09:30:59.0000000||ManicTime/ComputerUsage
4|Licencia|2016-05-24T09:30:42.0000000|2016-05-24T09:30:48.0000000|ManicTime|ManicTime/Applications
6|Configuración|2016-05-24T09:30:48.0000000|2016-05-24T09:30:55.0000000|ManicTime|ManicTime/Applications
7|Menú Inicio|2016-05-24T09:30:55.0000000|2016-05-24T09:30:59.0000000|Sistema operativo Microsoft® Windows®|ManicTime/Applications
8|Extracting Files|2016-06-02T15:08:32.0000000|2016-06-02T15:08:37.0000000|Microsoft Visual C++ 2008 Redistributable|ManicTime/Applications
9|Setup|2016-06-02T15:08:37.0000000|2016-06-02T15:08:43.0000000|Microsoft® Visual Studio® 2008|ManicTime/Applications
10|Sistema operativo Microsoft® Windows®|2016-06-02T15:08:43.0000000|2016-06-02T15:08:52.0000000|Sistema operativo Microsoft® Windows®|ManicTime/Applications
11|Microsoft Visual C++ 2012 Redistributable (x64) - 11.0.61030 Setup|2016-06-02T15:08:52.0000000|2016-06-02T15:08:57.0000000|Microsoft Visual C++ 2012 Redistributable (x64) - 11.0.61030|ManicTime/Applications
12||2016-06-02T15:07:55.0000000|2016-06-02T15:19:51.0000000||ManicTime/ComputerUsage
13|Servicios|2016-06-02T15:08:57.0000000|2016-06-02T15:09:03.0000000|Servicios|ManicTime/Applications
14|Propiedades de Web Deployment Agent Service (Equipo local)|2016-06-02T15:09:03.0000000|2016-06-02T15:09:08.0000000|Propiedades de Web Deployment Agent Service (Equipo local)|ManicTime/Applications
15|Installers|2016-06-02T15:09:08.0000000|2016-06-02T15:09:13.0000000|Sistema operativo Microsoft® Windows®|ManicTime/Applications
16|Microsoft Visual C++ 2012 Redistributable (x64) - 11.0.61030 Setup|2016-06-02T15:09:13.0000000|2016-06-02T15:10:13.0000000|Microsoft Visual C++ 2012 Redistributable (x64) - 11.0.61030|ManicTime/Applications
17|Microsoft Visual C++ 2013 Redistributable (x64) - 12.0.30501 Setup|2016-06-02T15:10:13.0000000|2016-06-02T15:12:18.0000000|Microsoft Visual C++ 2013 Redistributable (x64) - 12.0.30501|ManicTime/Applications
18|Microsoft Visual C++ 2008 Redistributable Setup|2016-06-02T15:12:18.0000000|2016-06-02T15:12:31.0000000|Microsoft® Visual Studio® 2008|ManicTime/Applications
19|Microsoft Visual C++ 2012 Redistributable (x86) - 11.0.61030|2016-06-02T15:12:31.0000000|2016-06-02T15:13:43.0000000|Microsoft Visual C++ 2012 Redistributable (x86) - 11.0.61030|ManicTime/Applications
20|Microsoft Visual C++ 2013 Redistributable (x86) - 12.0.30501 Setup|2016-06-02T15:13:43.0000000|2016-06-02T15:13:48.0000000|Microsoft Visual C++ 2013 Redistributable (x86) - 12.0.30501|ManicTime/Applications
21|Microsoft Visual C++ 2013 Redistributable (x86) - 12.0.30501|2016-06-02T15:13:48.0000000|2016-06-02T15:15:04.0000000|Microsoft Visual C++ 2013 Redistributable (x86) - 12.0.30501|ManicTime/Applications
22|Installers|2016-06-02T15:15:04.0000000|2016-06-02T15:15:17.0000000|Sistema operativo Microsoft® Windows®|ManicTime/Applications
23|Setup - Wampserver64|2016-06-02T15:15:17.0000000|2016-06-02T15:15:24.0000000|wampserver3.0.4_x64_apache2.4.18_mysql5.7.11_php5.6.19-7.0.4|ManicTime/Applications
24|Installers|2016-06-02T15:15:24.0000000|2016-06-02T15:16:39.0000000|Sistema operativo Microsoft® Windows®|ManicTime/Applications
25|Setup - Wampserver64|2016-06-02T15:16:39.0000000|2016-06-02T15:17:15.0000000|wampserver3.0.4_x64_apache2.4.18_mysql5.7.11_php5.6.19-7.0.4|ManicTime/Applications
26|Program Manager|2016-06-02T15:17:15.0000000|2016-06-02T15:17:24.0000000|Sistema operativo Microsoft® Windows®|ManicTime/Applications
27|Eliminar elementos múltiples|2016-06-02T15:17:24.0000000|2016-06-02T15:17:29.0000000|Sistema operativo Microsoft® Windows®|ManicTime/Applications
28|Python 3.5.1 (64-bit) Setup|2016-06-02T15:17:29.0000000|2016-06-02T15:17:37.0000000|Python 3.5.1 (64-bit)|ManicTime/Applications
29|Python 3.5.1 (64-bit)|2016-06-02T15:17:37.0000000|2016-06-02T15:17:42.0000000|Python 3.5.1 (64-bit)|ManicTime/Applications
30|Sistema operativo Microsoft® Windows®|2016-06-02T15:17:42.0000000|2016-06-02T15:18:09.0000000|Sistema operativo Microsoft® Windows®|ManicTime/Applications
32|c:\wamp64\bin\php\php5.6.19\php.exe|2016-06-02T15:18:09.0000000|2016-06-02T15:18:27.0000000|PHP|ManicTime/Applications
33|Sistema operativo Microsoft® Windows®|2016-06-02T15:18:27.0000000|2016-06-02T15:19:23.0000000|Sistema operativo Microsoft® Windows®|ManicTime/Applications
34|c:\wamp64\bin\php\php5.6.19\php.exe|2016-06-02T15:19:23.0000000|2016-06-02T15:19:31.0000000|PHP|ManicTime/Applications
35|Internet Explorer|2016-06-02T15:19:31.0000000|2016-06-02T15:19:37.0000000|Internet Explorer|ManicTime/Applications
36|Program Manager|2016-06-02T15:19:37.0000000|2016-06-02T15:19:46.0000000|Sistema operativo Microsoft® Windows®|ManicTime/Applications
37|Menú Inicio|2016-06-02T15:19:46.0000000|2016-06-02T15:19:51.0000000|Sistema operativo Microsoft® Windows®|ManicTime/Applications
38|Inicio|2016-06-15T09:00:25.0000000|2016-06-15T09:02:46.0000000|Sistema operativo Microsoft® Windows®|ManicTime/Applications
39||2016-06-15T09:00:25.0000000|2016-06-15T09:02:46.0000000||ManicTime/ComputerUsage
40||2016-06-15T09:02:46.0000000|2016-06-15T09:08:45.0000000||ManicTime/ComputerUsage
41|Inicio|2016-06-15T09:08:45.0000000|2016-06-15T09:08:52.0000000|Sistema operativo Microsoft® Windows®|ManicTime/Applications
42|Chrome - Google Chrome|2016-06-15T09:08:52.0000000|2016-06-15T09:09:03.0000000|Google Chrome|ManicTime/Applications
43|ESPOL | Servicio de Autenticación - Google Chrome|2016-06-15T09:09:03.0000000|2016-06-15T09:09:25.0000000|Google Chrome|ManicTime/Applications
44||2016-06-15T09:08:45.0000000|2016-06-15T09:14:04.0000000||ManicTime/ComputerUsage
45|chrome://chrome-signin/?access_point=0&reason=0|2016-06-15T09:08:52.0000000|2016-06-15T09:09:03.0000000|chrome-signin|ManicTime/Documents
46|https://auth.espol.edu.ec/login?service=https:%2F%2Fwww.sidweb.espol.edu.ec%2Flogin|2016-06-15T09:09:03.0000000|2016-06-15T09:09:25.0000000|auth.espol.edu.ec|ManicTime/Documents
47|Actividad reciente - Google Chrome|2016-06-15T09:09:25.0000000|2016-06-15T09:10:17.0000000|Google Chrome|ManicTime/Applications
48|Practica Bootstrap: DESARROLLO DE APLICACIONES WEB - Google Chrome|2016-06-15T09:10:17.0000000|2016-06-15T09:10:27.0000000|Google Chrome|ManicTime/Applications
49|https://www.sidweb.espol.edu.ec/|2016-06-15T09:09:25.0000000|2016-06-15T09:10:17.0000000|www.sidweb.espol.edu.ec|ManicTime/Documents
50|https://www.sidweb.espol.edu.ec/courses/32682/assignments/111740|2016-06-15T09:10:17.0000000|2016-06-15T09:10:27.0000000|www.sidweb.espol.edu.ec|ManicTime/Documents
51|Descargas|2016-06-15T09:10:27.0000000|2016-06-15T09:10:33.0000000|Sistema operativo Microsoft® Windows®|ManicTime/Applications
52|Carpeta y opciones de extracción|2016-06-15T09:10:33.0000000|2016-06-15T09:10:41.0000000|WinRAR|ManicTime/Applications
53|Practica Bootstrap: DESARROLLO DE APLICACIONES WEB - Google Chrome|2016-06-15T09:10:41.0000000|2016-06-15T09:10:46.0000000|Google Chrome|ManicTime/Applications
54|bootstrap|2016-06-15T09:10:46.0000000|2016-06-15T09:10:54.0000000|Sistema operativo Microsoft® Windows®|ManicTime/Applications
55|Abriendo - Microsoft Word|2016-06-15T09:10:54.0000000|2016-06-15T09:11:00.0000000|Microsoft Word|ManicTime/Applications
56|Lo primero es lo primero.|2016-06-15T09:11:00.0000000|2016-06-15T09:11:13.0000000|Microsoft Word|ManicTime/Applications
57|practica (Vista protegida) - Word (Error de activación de productos)|2016-06-15T09:11:13.0000000|2016-06-15T09:11:18.0000000|Microsoft Word|ManicTime/Applications
58|Microsoft Office 2013|2016-06-15T09:11:18.0000000|2016-06-15T09:11:23.0000000|Microsoft Office|ManicTime/Applications
59|practica (Vista protegida) - Word (Error de activación de productos)|2016-06-15T09:11:23.0000000|2016-06-15T09:12:24.0000000|Microsoft Word|ManicTime/Applications
60|https://www.sidweb.espol.edu.ec/courses/32682/assignments/111740|2016-06-15T09:10:41.0000000|2016-06-15T09:10:46.0000000|www.sidweb.espol.edu.ec|ManicTime/Documents
61|C:\Users\estudiante.2016\Desktop\bootstrap\practica.docx|2016-06-15T09:11:13.0000000|2016-06-15T09:11:18.0000000|practica.docx|ManicTime/Documents
62|C:\Users\estudiante.2016\Desktop\bootstrap\practica.docx|2016-06-15T09:11:23.0000000|2016-06-15T09:12:24.0000000|practica.docx|ManicTime/Documents
63|Getting started · Bootstrap - Google Chrome|2016-06-15T09:12:24.0000000|2016-06-15T09:12:33.0000000|Google Chrome|ManicTime/Applications
64|http://getbootstrap.com/getting-started/|2016-06-15T09:12:24.0000000|2016-06-15T09:12:33.0000000|getbootstrap.com|ManicTime/Documents
65|Conversaciones: Lenin Hochimin Tenecela Calderon - Google Chrome|2016-06-15T09:12:33.0000000|2016-06-15T09:12:39.0000000|Google Chrome|ManicTime/Applications
66|Conversaciones: Lenin Hochimin Tenecela Calderon - Google Chrome|2016-06-15T09:12:39.0000000|2016-06-15T09:12:58.0000000|Google Chrome|ManicTime/Applications
67|Descargas|2016-06-15T09:12:58.0000000|2016-06-15T09:13:08.0000000|Sistema operativo Microsoft® Windows®|ManicTime/Applications
68|bootstrap-3.3.6-dist|2016-06-15T09:13:08.0000000|2016-06-15T09:13:23.0000000|Sistema operativo Microsoft® Windows®|ManicTime/Applications
70|https://www.sidweb.espol.edu.ec/conversations|2016-06-15T09:12:33.0000000|2016-06-15T09:12:39.0000000|www.sidweb.espol.edu.ec|ManicTime/Documents
71|https://www.sidweb.espol.edu.ec/conversations#/conversations/470459|2016-06-15T09:12:39.0000000|2016-06-15T09:12:58.0000000|www.sidweb.espol.edu.ec|ManicTime/Documents
73|practica (Vista protegida) - Word (Error de activación de productos)|2016-06-15T09:13:23.0000000|2016-06-15T09:14:04.0000000|Microsoft Word|ManicTime/Applications
74|C:\Users\estudiante.2016\Desktop\bootstrap\practica.docx|2016-06-15T09:13:23.0000000|2016-06-15T09:14:04.0000000|practica.docx|ManicTime/Documents
75||2016-06-15T09:14:04.0000000|2016-06-15T10:57:52.0000000||ManicTime/ComputerUsage
76|practica (Vista protegida) - Word (Error de activación de productos)|2016-06-15T10:57:52.0000000|2016-06-15T11:01:36.0000000|Microsoft Word|ManicTime/Applications
77||2016-06-15T10:57:52.0000000|2016-06-15T11:01:36.0000000||ManicTime/ComputerUsage
78|C:\Users\estudiante.2016\Desktop\bootstrap\practica.docx|2016-06-15T10:57:52.0000000|2016-06-15T11:01:36.0000000|practica.docx|ManicTime/Documents
79||2016-06-15T11:01:36.0000000|2016-06-15T11:15:56.0000000||ManicTime/ComputerUsage
80|practica (Vista protegida) - Word (Error de activación de productos)|2016-06-15T11:15:56.0000000|2016-06-15T11:33:23.0000000|Microsoft Word|ManicTime/Applications
81||2016-06-15T11:15:56.0000000|2016-06-15T11:33:38.0000000||ManicTime/ComputerUsage
82|C:\Users\estudiante.2016\Desktop\bootstrap\practica.docx|2016-06-15T11:15:56.0000000|2016-06-15T11:33:23.0000000|practica.docx|ManicTime/Documents
83|ESPOL | Servicio de Autenticación - Google Chrome|2016-06-15T11:33:23.0000000|2016-06-15T11:33:35.0000000|Google Chrome|ManicTime/Applications
84|https://auth.espol.edu.ec/logout?destination=https:%2F%2Fwww.sidweb.espol.edu.ec%2Flogin|2016-06-15T11:33:23.0000000|2016-06-15T11:33:35.0000000|auth.espol.edu.ec|ManicTime/Documents
85|bootstrap-3.3.6-dist|2016-06-15T11:33:35.0000000|2016-06-15T11:33:38.0000000|Sistema operativo Microsoft® Windows®|ManicTime/Applications
86||2016-06-15T11:33:38.0000000|2016-06-17T20:20:29.0000000||ManicTime/ComputerUsage
89|Conmutación de tareas|2016-07-20T09:16:13.0000000|2016-07-20T09:16:47.0000000|Sistema operativo Microsoft® Windows®|ManicTime/Applications
90|Program Manager|2016-07-20T09:16:47.0000000|2016-07-20T09:17:50.0000000|Sistema operativo Microsoft® Windows®|ManicTime/Applications
91||2016-07-20T09:16:13.0000000|2016-07-20T11:24:58.0000000||ManicTime/ComputerUsage
92|chrome://chrome-signin/?access_point=0&reason=0 - Google Chrome|2016-07-20T09:17:50.0000000|2016-07-20T09:17:55.0000000|Google Chrome|ManicTime/Applications
93|git - Buscar con Google - Google Chrome|2016-07-20T09:17:55.0000000|2016-07-20T09:18:08.0000000|Google Chrome|ManicTime/Applications
94|How people build software · GitHub - Google Chrome|2016-07-20T09:18:08.0000000|2016-07-20T09:18:13.0000000|Google Chrome|ManicTime/Applications
95|NetBeans IDE 8.1|2016-07-20T09:18:13.0000000|2016-07-20T09:18:23.0000000|NetBeans IDE 8.1|ManicTime/Applications
96|chrome://chrome-signin/?access_point=0&reason=0|2016-07-20T09:17:50.0000000|2016-07-20T09:17:55.0000000|chrome-signin|ManicTime/Documents
97|https://www.google.com.ec/webhp?sourceid=chrome-instant&ion=1&espv=2&ie=UTF-8#q=git|2016-07-20T09:17:55.0000000|2016-07-20T09:18:08.0000000|www.google.com.ec|ManicTime/Documents
98|https://github.com/|2016-07-20T09:18:08.0000000|2016-07-20T09:18:13.0000000|github.com|ManicTime/Documents
99|Open Project|2016-07-20T09:18:23.0000000|2016-07-20T09:18:31.0000000|NetBeans IDE 8.1|ManicTime/Applications
100|NetBeans IDE 8.1|2016-07-20T09:18:31.0000000|2016-07-20T09:18:54.0000000|NetBeans IDE 8.1|ManicTime/Applications
101|AdmProyectos - NetBeans IDE 8.1|2016-07-20T09:18:54.0000000|2016-07-20T09:19:50.0000000|NetBeans IDE 8.1|ManicTime/Applications
102|Administrador de Proyectos - Google Chrome|2016-07-20T09:19:50.0000000|2016-07-20T09:20:32.0000000|Google Chrome|ManicTime/Applications
103|http://localhost:8080/AdmProyectos/|2016-07-20T09:19:50.0000000|2016-07-20T09:20:32.0000000|localhost|ManicTime/Documents
104|Join GitHub · GitHub - Google Chrome|2016-07-20T09:20:32.0000000|2016-07-20T09:20:49.0000000|Google Chrome|ManicTime/Applications
105|Sign in to GitHub · GitHub - Google Chrome|2016-07-20T09:20:49.0000000|2016-07-20T09:20:59.0000000|Google Chrome|ManicTime/Applications
106|GitHub - Google Chrome|2016-07-20T09:20:59.0000000|2016-07-20T09:21:14.0000000|Google Chrome|ManicTime/Applications
107|https://github.com/join?source=header-home|2016-07-20T09:20:32.0000000|2016-07-20T09:20:49.0000000|github.com|ManicTime/Documents
108|https://github.com/login?return_to=%2Fjoin%3Fsource%3Dheader-home|2016-07-20T09:20:49.0000000|2016-07-20T09:20:59.0000000|github.com|ManicTime/Documents
109|https://github.com/|2016-07-20T09:20:59.0000000|2016-07-20T09:21:14.0000000|github.com|ManicTime/Documents
110|wjvelez/Practica_JSP - Google Chrome|2016-07-20T09:21:14.0000000|2016-07-20T09:21:29.0000000|Google Chrome|ManicTime/Applications
111|AdmProyectos - NetBeans IDE 8.1|2016-07-20T09:21:29.0000000|2016-07-20T09:21:55.0000000|NetBeans IDE 8.1|ManicTime/Applications
112|New Servlet|2016-07-20T09:21:55.0000000|2016-07-20T09:22:22.0000000|NetBeans IDE 8.1|ManicTime/Applications
113|https://github.com/wjvelez/Practica_JSP|2016-07-20T09:21:14.0000000|2016-07-20T09:21:29.0000000|github.com|ManicTime/Documents
114|AdmProyectos - NetBeans IDE 8.1|2016-07-20T09:22:22.0000000|2016-07-20T09:30:09.0000000|NetBeans IDE 8.1|ManicTime/Applications
115|Acerca de Adobe Reader 11.0|2016-07-20T09:30:09.0000000|2016-07-20T09:30:23.0000000|Adobe Reader|ManicTime/Applications
116|Adobe Reader XI - Acuerdo de licencia de distribución para uso en ordenadores personales|2016-07-20T09:30:23.0000000|2016-07-20T09:30:30.0000000|EULA|ManicTime/Applications
117|1469023255_706__PracticaServlets.pdf - Adobe Reader|2016-07-20T09:30:30.0000000|2016-07-20T09:32:22.0000000|Adobe Reader|ManicTime/Applications
118|1469023255_706__PracticaServlets.pdf|2016-07-20T09:30:30.0000000|2016-07-20T09:32:22.0000000|1469023255_706__PracticaServlets.pdf|ManicTime/Documents
119|AdmProyectos - NetBeans IDE 8.1|2016-07-20T09:32:22.0000000|2016-07-20T09:42:09.0000000|NetBeans IDE 8.1|ManicTime/Applications
120|Administrador de Proyectos - Google Chrome|2016-07-20T09:42:09.0000000|2016-07-20T09:42:33.0000000|Google Chrome|ManicTime/Applications
121|http://localhost:8080/AdmProyectos/|2016-07-20T09:42:09.0000000|2016-07-20T09:42:33.0000000|localhost|ManicTime/Documents
122|Administrador de Proyectos - Google Chrome|2016-07-20T09:42:33.0000000|2016-07-20T09:42:38.0000000|Google Chrome|ManicTime/Applications
123|Administrador de Proyectos - Google Chrome|2016-07-20T09:42:38.0000000|2016-07-20T09:42:43.0000000|Google Chrome|ManicTime/Applications
124|Administrador de Proyectos - Google Chrome|2016-07-20T09:42:43.0000000|2016-07-20T09:42:48.0000000|Google Chrome|ManicTime/Applications
125|Administrador de Proyectos - Google Chrome|2016-07-20T09:42:48.0000000|2016-07-20T09:42:53.0000000|Google Chrome|ManicTime/Applications
126|Administrador de Proyectos - Google Chrome|2016-07-20T09:42:53.0000000|2016-07-20T09:42:58.0000000|Google Chrome|ManicTime/Applications
127|Administrador de Proyectos - Google Chrome|2016-07-20T09:42:58.0000000|2016-07-20T09:43:03.0000000|Google Chrome|ManicTime/Applications
128|Administrador de Proyectos - Google Chrome|2016-07-20T09:43:03.0000000|2016-07-20T09:43:08.0000000|Google Chrome|ManicTime/Applications
129|Administrador de Proyectos - Google Chrome|2016-07-20T09:43:08.0000000|2016-07-20T09:43:13.0000000|Google Chrome|ManicTime/Applications
130|localhost:8080/AdmProyectos/LoginServlet?usuario=pepito&password=5678 - Google Chrome|2016-07-20T09:43:13.0000000|2016-07-20T09:45:41.0000000|Google Chrome|ManicTime/Applications
131|http://localhost:8080/AdmProyectos/Logi|2016-07-20T09:42:33.0000000|2016-07-20T09:42:38.0000000|localhost|ManicTime/Documents
132|http://localhost:8080/AdmProyectos/Login|2016-07-20T09:42:38.0000000|2016-07-20T09:42:43.0000000|localhost|ManicTime/Documents
133|http://localhost:8080/AdmProyectos/LoginServlet|2016-07-20T09:42:43.0000000|2016-07-20T09:42:48.0000000|localhost|ManicTime/Documents
134|http://localhost:8080/AdmProyectos/LoginServlet?|2016-07-20T09:42:48.0000000|2016-07-20T09:42:53.0000000|localhost|ManicTime/Documents
135|http://localhost:8080/AdmProyectos/LoginServlet?usuario|2016-07-20T09:42:53.0000000|2016-07-20T09:42:58.0000000|localhost|ManicTime/Documents
136|http://localhost:8080/AdmProyectos/LoginServlet?usuario=pepito|2016-07-20T09:42:58.0000000|2016-07-20T09:43:03.0000000|localhost|ManicTime/Documents
137|http://localhost:8080/AdmProyectos/LoginServlet?usuario=pepito&pass|2016-07-20T09:43:03.0000000|2016-07-20T09:43:08.0000000|localhost|ManicTime/Documents
138|http://localhost:8080/AdmProyectos/LoginServlet?usuario=pepito&password=|2016-07-20T09:43:08.0000000|2016-07-20T09:43:13.0000000|localhost|ManicTime/Documents
139|http://localhost:8080/AdmProyectos/LoginServlet?usuario=pepito&password=5678|2016-07-20T09:43:13.0000000|2016-07-20T09:45:41.0000000|localhost|ManicTime/Documents
140|localhost:8080/AdmProyectos/LoginServlet?usuario=admin&password=1234 - Google Chrome|2016-07-20T09:45:41.0000000|2016-07-20T09:45:58.0000000|Google Chrome|ManicTime/Applications
141|AdmProyectos - NetBeans IDE 8.1|2016-07-20T09:45:58.0000000|2016-07-20T09:49:29.0000000|NetBeans IDE 8.1|ManicTime/Applications
142|http://localhost:8080/AdmProyectos/LoginServlet?usuario=admin&password=1234|2016-07-20T09:45:41.0000000|2016-07-20T09:45:58.0000000|localhost|ManicTime/Documents
143|wjvelez/Practica_JSP - Google Chrome|2016-07-20T09:49:29.0000000|2016-07-20T09:49:47.0000000|Google Chrome|ManicTime/Applications
144|GitHub · Where software is built - Google Chrome|2016-07-20T09:49:47.0000000|2016-07-20T09:49:52.0000000|Google Chrome|ManicTime/Applications
145|wjvelez/Practica_JSP - Google Chrome|2016-07-20T09:49:52.0000000|2016-07-20T09:50:07.0000000|Google Chrome|ManicTime/Applications
146|1469023255_706__PracticaServlets.pdf - Adobe Reader|2016-07-20T09:50:07.0000000|2016-07-20T09:50:24.0000000|Adobe Reader|ManicTime/Applications
147|https://github.com/wjvelez/Practica_JSP|2016-07-20T09:49:29.0000000|2016-07-20T09:49:47.0000000|github.com|ManicTime/Documents
148|https://github.com/wjvelez/Practica_JSP/invitations|2016-07-20T09:49:47.0000000|2016-07-20T09:49:52.0000000|github.com|ManicTime/Documents
149|https://github.com/wjvelez/Practica_JSP|2016-07-20T09:49:52.0000000|2016-07-20T09:50:07.0000000|github.com|ManicTime/Documents
150|1469023255_706__PracticaServlets.pdf|2016-07-20T09:50:07.0000000|2016-07-20T09:50:24.0000000|1469023255_706__PracticaServlets.pdf|ManicTime/Documents
151|AdmProyectos - NetBeans IDE 8.1|2016-07-20T09:50:24.0000000|2016-07-20T09:50:34.0000000|NetBeans IDE 8.1|ManicTime/Applications
152|New Servlet|2016-07-20T09:50:34.0000000|2016-07-20T09:50:46.0000000|NetBeans IDE 8.1|ManicTime/Applications
153|1469023255_706__PracticaServlets.pdf - Adobe Reader|2016-07-20T09:50:46.0000000|2016-07-20T09:50:52.0000000|Adobe Reader|ManicTime/Applications
154|New Servlet|2016-07-20T09:50:52.0000000|2016-07-20T09:51:02.0000000|NetBeans IDE 8.1|ManicTime/Applications
155|1469023255_706__PracticaServlets.pdf - Adobe Reader|2016-07-20T09:51:02.0000000|2016-07-20T09:51:23.0000000|Adobe Reader|ManicTime/Applications
156|1469023255_706__PracticaServlets.pdf|2016-07-20T09:50:46.0000000|2016-07-20T09:50:52.0000000|1469023255_706__PracticaServlets.pdf|ManicTime/Documents
157|1469023255_706__PracticaServlets.pdf|2016-07-20T09:51:02.0000000|2016-07-20T09:51:23.0000000|1469023255_706__PracticaServlets.pdf|ManicTime/Documents
158|AdmProyectos - NetBeans IDE 8.1|2016-07-20T09:51:23.0000000|2016-07-20T09:52:37.0000000|NetBeans IDE 8.1|ManicTime/Applications
159|wjvelez/Practica_JSP - Google Chrome|2016-07-20T09:52:37.0000000|2016-07-20T09:53:24.0000000|Google Chrome|ManicTime/Applications
160|https://github.com/wjvelez/Practica_JSP|2016-07-20T09:52:37.0000000|2016-07-20T09:53:24.0000000|github.com|ManicTime/Documents
161|github - Buscar con Google - Google Chrome|2016-07-20T09:53:24.0000000|2016-07-20T09:53:31.0000000|Google Chrome|ManicTime/Applications
162|GitHub - Google Chrome|2016-07-20T09:53:31.0000000|2016-07-20T09:53:49.0000000|Google Chrome|ManicTime/Applications
163|wjvelez/Practica_JSP - Google Chrome|2016-07-20T09:53:49.0000000|2016-07-20T09:53:55.0000000|Google Chrome|ManicTime/Applications
164|GitHub - Google Chrome|2016-07-20T09:53:55.0000000|2016-07-20T09:54:20.0000000|Google Chrome|ManicTime/Applications
165|https://www.google.com.ec/webhp?sourceid=chrome-instant&ion=1&espv=2&ie=UTF-8#q=github|2016-07-20T09:53:24.0000000|2016-07-20T09:53:31.0000000|www.google.com.ec|ManicTime/Documents
166|https://github.com/|2016-07-20T09:53:31.0000000|2016-07-20T09:53:49.0000000|github.com|ManicTime/Documents
167|https://github.com/wjvelez/Practica_JSP|2016-07-20T09:53:49.0000000|2016-07-20T09:53:55.0000000|github.com|ManicTime/Documents
168|https://github.com/|2016-07-20T09:53:55.0000000|2016-07-20T09:54:20.0000000|github.com|ManicTime/Documents
169|GitHub - Google Chrome|2016-07-20T09:54:20.0000000|2016-07-20T09:54:25.0000000|Google Chrome|ManicTime/Applications
170|GitHub Desktop - Simple collaboration from your desktop - Google Chrome|2016-07-20T09:54:25.0000000|2016-07-20T09:54:44.0000000|Google Chrome|ManicTime/Applications
171|(0%) Instalando GitHub|2016-07-20T09:54:44.0000000|2016-07-20T09:54:51.0000000|Microsoft® .NET Framework|ManicTime/Applications
172|(2%) Instalando GitHub|2016-07-20T09:54:51.0000000|2016-07-20T09:54:57.0000000|Microsoft® .NET Framework|ManicTime/Applications
173|(5%) Instalando GitHub|2016-07-20T09:54:57.0000000|2016-07-20T09:55:02.0000000|Microsoft® .NET Framework|ManicTime/Applications
174|AdmProyectos - NetBeans IDE 8.1|2016-07-20T09:55:02.0000000|2016-07-20T10:02:00.0000000|NetBeans IDE 8.1|ManicTime/Applications
175|https://desktopgithub.com/|2016-07-20T09:54:20.0000000|2016-07-20T09:54:25.0000000|desktopgithub.com|ManicTime/Documents
176|https://desktop.github.com/|2016-07-20T09:54:25.0000000|2016-07-20T09:54:44.0000000|desktop.github.com|ManicTime/Documents
177|localhost:8080/AdmProyectos/LoginServlet?usuario=admin&password=1234 - Google Chrome|2016-07-20T10:02:00.0000000|2016-07-20T10:02:10.0000000|Google Chrome|ManicTime/Applications
178|Administrador de Proyectos - Google Chrome|2016-07-20T10:02:10.0000000|2016-07-20T10:02:16.0000000|Google Chrome|ManicTime/Applications
179|http://localhost:8080/AdmProyectos/LoginServlet?usuario=admin&password=1234|2016-07-20T10:02:00.0000000|2016-07-20T10:02:10.0000000|localhost|ManicTime/Documents
180|http://localhost:8080/AdmProyectos/|2016-07-20T10:02:10.0000000|2016-07-20T10:02:16.0000000|localhost|ManicTime/Documents
181|Administrador de Proyectos - Google Chrome|2016-07-20T10:02:16.0000000|2016-07-20T10:02:28.0000000|Google Chrome|ManicTime/Applications
182|AdmProyectos - NetBeans IDE 8.1|2016-07-20T10:02:28.0000000|2016-07-20T10:07:26.0000000|NetBeans IDE 8.1|ManicTime/Applications
183|http://localhost:8080/AdmProyectos/?usuario=&password=|2016-07-20T10:02:16.0000000|2016-07-20T10:02:28.0000000|localhost|ManicTime/Documents
184|Administrador de Proyectos - Google Chrome|2016-07-20T10:07:26.0000000|2016-07-20T10:07:45.0000000|Google Chrome|ManicTime/Applications
185|AdmProyectos - NetBeans IDE 8.1|2016-07-20T10:07:45.0000000|2016-07-20T10:07:56.0000000|NetBeans IDE 8.1|ManicTime/Applications
186|Administrador de Proyectos - Google Chrome|2016-07-20T10:07:56.0000000|2016-07-20T10:08:24.0000000|Google Chrome|ManicTime/Applications
187|http://localhost:8080/AdmProyectos/?usuario=&password=|2016-07-20T10:07:26.0000000|2016-07-20T10:07:45.0000000|localhost|ManicTime/Documents
188|http://localhost:8080/AdmProyectos/?usuario=&password=|2016-07-20T10:07:56.0000000|2016-07-20T10:08:24.0000000|localhost|ManicTime/Documents
189|AdmProyectos - NetBeans IDE 8.1|2016-07-20T10:08:24.0000000|2016-07-20T10:10:06.0000000|NetBeans IDE 8.1|ManicTime/Applications
190|Administrador de Proyectos - Google Chrome|2016-07-20T10:10:06.0000000|2016-07-20T10:11:40.0000000|Google Chrome|ManicTime/Applications
191|http://localhost:8080/AdmProyectos/|2016-07-20T10:10:06.0000000|2016-07-20T10:11:40.0000000|localhost|ManicTime/Documents
192|GitHub|2016-07-20T10:11:40.0000000|2016-07-20T10:12:39.0000000|GitHub Desktop|ManicTime/Applications
193|wjvelez/Practica_JSP - Google Chrome|2016-07-20T10:12:39.0000000|2016-07-20T10:12:53.0000000|Google Chrome|ManicTime/Applications
194|wjvelez/Practica_JSP: Práctica de JSP - Google Chrome|2016-07-20T10:12:53.0000000|2016-07-20T10:13:24.0000000|Google Chrome|ManicTime/Applications
195|https://github.com/wjvelez/Practica_JSP|2016-07-20T10:12:39.0000000|2016-07-20T10:12:53.0000000|github.com|ManicTime/Documents
196|https://github.com/wjvelez/Practica_JSP|2016-07-20T10:12:53.0000000|2016-07-20T10:13:24.0000000|github.com|ManicTime/Documents
197|Buscar carpeta|2016-07-20T10:13:24.0000000|2016-07-20T10:13:33.0000000|GitHub Desktop|ManicTime/Applications
198|GitHub|2016-07-20T10:13:33.0000000|2016-07-20T10:14:09.0000000|GitHub Desktop|ManicTime/Applications
199|wjvelez/Practica_JSP: Práctica de JSP - Google Chrome|2016-07-20T10:14:09.0000000|2016-07-20T10:14:20.0000000|Google Chrome|ManicTime/Applications
200|https://github.com/wjvelez/Practica_JSP|2016-07-20T10:14:09.0000000|2016-07-20T10:14:20.0000000|github.com|ManicTime/Documents
201|GitHub|2016-07-20T10:14:20.0000000|2016-07-20T10:18:05.0000000|GitHub Desktop|ManicTime/Applications
202|AdmProyectos - NetBeans IDE 8.1|2016-07-20T10:18:05.0000000|2016-07-20T10:19:21.0000000|NetBeans IDE 8.1|ManicTime/Applications
203|GitHub|2016-07-20T10:19:21.0000000|2016-07-20T10:20:46.0000000|GitHub Desktop|ManicTime/Applications
204|AdmProyectos - NetBeans IDE 8.1|2016-07-20T10:20:46.0000000|2016-07-20T10:24:03.0000000|NetBeans IDE 8.1|ManicTime/Applications
205|Administrador de Proyectos - Google Chrome|2016-07-20T10:24:03.0000000|2016-07-20T10:24:23.0000000|Google Chrome|ManicTime/Applications
206|http://localhost:8080/AdmProyectos/?usuario=&password=|2016-07-20T10:24:03.0000000|2016-07-20T10:24:23.0000000|localhost|ManicTime/Documents
207|GlassFish Server Open Source Edition 4.1.1 - Error report - Google Chrome|2016-07-20T10:24:23.0000000|2016-07-20T10:25:05.0000000|Google Chrome|ManicTime/Applications
208|AdmProyectos - NetBeans IDE 8.1|2016-07-20T10:25:05.0000000|2016-07-20T10:25:28.0000000|NetBeans IDE 8.1|ManicTime/Applications
209|http://localhost:8080/AdmProyectos/undefined|2016-07-20T10:24:23.0000000|2016-07-20T10:25:05.0000000|localhost|ManicTime/Documents
210|GlassFish Server Open Source Edition 4.1.1 - Error report - Google Chrome|2016-07-20T10:25:28.0000000|2016-07-20T10:25:34.0000000|Google Chrome|ManicTime/Applications
211|Administrador de Proyectos - Google Chrome|2016-07-20T10:25:34.0000000|2016-07-20T10:25:40.0000000|Google Chrome|ManicTime/Applications
212|AdmProyectos - NetBeans IDE 8.1|2016-07-20T10:25:40.0000000|2016-07-20T10:26:46.0000000|NetBeans IDE 8.1|ManicTime/Applications
213|http://localhost:8080/AdmProyectos/undefined|2016-07-20T10:25:28.0000000|2016-07-20T10:25:34.0000000|localhost|ManicTime/Documents
214|http://localhost:8080/AdmProyectos/|2016-07-20T10:25:34.0000000|2016-07-20T10:25:40.0000000|localhost|ManicTime/Documents
215|GlassFish Server Open Source Edition 4.1.1 - Error report - Google Chrome|2016-07-20T10:26:46.0000000|2016-07-20T10:26:58.0000000|Google Chrome|ManicTime/Applications
216|AdmProyectos - NetBeans IDE 8.1|2016-07-20T10:26:58.0000000|2016-07-20T10:27:10.0000000|NetBeans IDE 8.1|ManicTime/Applications
217|Administrador de Proyectos - Google Chrome|2016-07-20T10:27:10.0000000|2016-07-20T10:27:24.0000000|Google Chrome|ManicTime/Applications
218|http://localhost:8080/AdmProyectos/undefined|2016-07-20T10:26:46.0000000|2016-07-20T10:26:58.0000000|localhost|ManicTime/Documents
219|http://localhost:8080/AdmProyectos/|2016-07-20T10:27:10.0000000|2016-07-20T10:27:24.0000000|localhost|ManicTime/Documents
220|Administrador de Proyectos - Google Chrome|2016-07-20T10:27:24.0000000|2016-07-20T10:31:47.0000000|Google Chrome|ManicTime/Applications
221|http://localhost:8080/AdmProyectos/home.jsp|2016-07-20T10:27:24.0000000|2016-07-20T10:31:47.0000000|localhost|ManicTime/Documents
222|AdmProyectos - NetBeans IDE 8.1|2016-07-20T10:31:47.0000000|2016-07-20T10:35:36.0000000|NetBeans IDE 8.1|ManicTime/Applications
223|GitHub|2016-07-20T10:35:36.0000000|2016-07-20T10:36:05.0000000|GitHub Desktop|ManicTime/Applications
224|AdmProyectos - NetBeans IDE 8.1|2016-07-20T10:36:05.0000000|2016-07-20T10:36:16.0000000|NetBeans IDE 8.1|ManicTime/Applications
226|Documentos|2016-07-20T10:36:16.0000000|2016-07-20T10:36:21.0000000|Sistema operativo Microsoft® Windows®|ManicTime/Applications
227|Practica_JSP|2016-07-20T10:36:21.0000000|2016-07-20T10:36:28.0000000|Sistema operativo Microsoft® Windows®|ManicTime/Applications
228|AdmProyectos|2016-07-20T10:36:28.0000000|2016-07-20T10:36:35.0000000|Sistema operativo Microsoft® Windows®|ManicTime/Applications
229|Practica_JSP|2016-07-20T10:36:35.0000000|2016-07-20T10:36:47.0000000|Sistema operativo Microsoft® Windows®|ManicTime/Applications
230|GitHub|2016-07-20T10:36:47.0000000|2016-07-20T10:38:31.0000000|GitHub Desktop|ManicTime/Applications
231|Administrador de Proyectos - Google Chrome|2016-07-20T10:38:31.0000000|2016-07-20T10:38:36.0000000|Google Chrome|ManicTime/Applications
232|Administrador de Proyectos - Google Chrome|2016-07-20T10:38:36.0000000|2016-07-20T10:38:42.0000000|Google Chrome|ManicTime/Applications
233|GlassFish Server Open Source Edition 4.1.1 - Error report - Google Chrome|2016-07-20T10:38:42.0000000|2016-07-20T10:39:50.0000000|Google Chrome|ManicTime/Applications
234|http://localhost:8080/AdmProyectos/home.jsp|2016-07-20T10:38:31.0000000|2016-07-20T10:38:36.0000000|localhost|ManicTime/Documents
235|http://localhost:8080/AdmProyectos/|2016-07-20T10:38:36.0000000|2016-07-20T10:38:42.0000000|localhost|ManicTime/Documents
236|http://localhost:8080/AdmProyectos/undefined|2016-07-20T10:38:42.0000000|2016-07-20T10:39:50.0000000|localhost|ManicTime/Documents
237|AdmProyectos - NetBeans IDE 8.1|2016-07-20T10:39:50.0000000|2016-07-20T10:41:51.0000000|NetBeans IDE 8.1|ManicTime/Applications
238|Administrador de Proyectos - Google Chrome|2016-07-20T10:41:51.0000000|2016-07-20T10:41:57.0000000|Google Chrome|ManicTime/Applications
239|GlassFish Server Open Source Edition 4.1.1 - Error report - Google Chrome|2016-07-20T10:41:57.0000000|2016-07-20T10:42:02.0000000|Google Chrome|ManicTime/Applications
240|AdmProyectos - NetBeans IDE 8.1|2016-07-20T10:42:02.0000000|2016-07-20T10:42:26.0000000|NetBeans IDE 8.1|ManicTime/Applications
241|http://localhost:8080/AdmProyectos/|2016-07-20T10:41:51.0000000|2016-07-20T10:41:57.0000000|localhost|ManicTime/Documents
242|http://localhost:8080/AdmProyectos/undefined|2016-07-20T10:41:57.0000000|2016-07-20T10:42:02.0000000|localhost|ManicTime/Documents
243|Administrador de Proyectos - Google Chrome|2016-07-20T10:42:26.0000000|2016-07-20T10:42:36.0000000|Google Chrome|ManicTime/Applications
244|Administrador de Proyectos - Google Chrome|2016-07-20T10:42:36.0000000|2016-07-20T10:42:41.0000000|Google Chrome|ManicTime/Applications
245|Administrador de Proyectos - Google Chrome|2016-07-20T10:42:41.0000000|2016-07-20T10:44:32.0000000|Google Chrome|ManicTime/Applications
246|http://localhost:8080/AdmProyectos/|2016-07-20T10:42:26.0000000|2016-07-20T10:42:36.0000000|localhost|ManicTime/Documents
247|http://localhost:8080/AdmProyectos/home.jsp|2016-07-20T10:42:36.0000000|2016-07-20T10:42:41.0000000|localhost|ManicTime/Documents
248|http://localhost:8080/AdmProyectos/|2016-07-20T10:42:41.0000000|2016-07-20T10:44:32.0000000|localhost|ManicTime/Documents
249|GitHub|2016-07-20T10:44:32.0000000|2016-07-20T10:45:14.0000000|GitHub Desktop|ManicTime/Applications
250|Conmutación de tareas|2016-07-20T10:45:14.0000000|2016-07-20T10:45:24.0000000|Sistema operativo Microsoft® Windows®|ManicTime/Applications
251|AdmProyectos - NetBeans IDE 8.1|2016-07-20T10:45:24.0000000|2016-07-20T10:45:30.0000000|NetBeans IDE 8.1|ManicTime/Applications
252|Project Properties - AdmProyectos|2016-07-20T10:45:30.0000000|2016-07-20T10:45:35.0000000|NetBeans IDE 8.1|ManicTime/Applications
253|AdmProyectos - NetBeans IDE 8.1|2016-07-20T10:45:35.0000000|2016-07-20T10:45:40.0000000|NetBeans IDE 8.1|ManicTime/Applications
254|GitHub|2016-07-20T10:45:40.0000000|2016-07-20T10:45:45.0000000|GitHub Desktop|ManicTime/Applications
255|AdmProyectos|2016-07-20T10:45:45.0000000|2016-07-20T10:45:50.0000000|Sistema operativo Microsoft® Windows®|ManicTime/Applications
256|Practica_JSP|2016-07-20T10:45:50.0000000|2016-07-20T10:46:05.0000000|Sistema operativo Microsoft® Windows®|ManicTime/Applications
257|GitHub|2016-07-20T10:46:05.0000000|2016-07-20T10:47:16.0000000|GitHub Desktop|ManicTime/Applications
258|Administrador de Proyectos - Google Chrome|2016-07-20T10:47:16.0000000|2016-07-20T10:47:21.0000000|Google Chrome|ManicTime/Applications
259|http://localhost:8080/AdmProyectos/|2016-07-20T10:47:16.0000000|2016-07-20T10:47:21.0000000|localhost|ManicTime/Documents
260|1469023255_706__PracticaServlets.pdf - Adobe Reader|2016-07-20T10:47:21.0000000|2016-07-20T10:47:44.0000000|Adobe Reader|ManicTime/Applications
261|AdmProyectos - NetBeans IDE 8.1|2016-07-20T10:47:44.0000000|2016-07-20T10:47:53.0000000|NetBeans IDE 8.1|ManicTime/Applications
262|New Java Class|2016-07-20T10:47:53.0000000|2016-07-20T10:47:58.0000000|NetBeans IDE 8.1|ManicTime/Applications
263|1469023255_706__PracticaServlets.pdf - Adobe Reader|2016-07-20T10:47:58.0000000|2016-07-20T10:48:04.0000000|Adobe Reader|ManicTime/Applications
264|New Java Class|2016-07-20T10:48:04.0000000|2016-07-20T10:48:15.0000000|NetBeans IDE 8.1|ManicTime/Applications
265|AdmProyectos - NetBeans IDE 8.1|2016-07-20T10:48:15.0000000|2016-07-20T10:48:29.0000000|NetBeans IDE 8.1|ManicTime/Applications
266|1469023255_706__PracticaServlets.pdf|2016-07-20T10:47:21.0000000|2016-07-20T10:47:44.0000000|1469023255_706__PracticaServlets.pdf|ManicTime/Documents
267|1469023255_706__PracticaServlets.pdf|2016-07-20T10:47:58.0000000|2016-07-20T10:48:04.0000000|1469023255_706__PracticaServlets.pdf|ManicTime/Documents
268|1469023255_706__PracticaServlets.pdf - Adobe Reader|2016-07-20T10:48:29.0000000|2016-07-20T10:50:01.0000000|Adobe Reader|ManicTime/Applications
269|1469023255_706__PracticaServlets.pdf|2016-07-20T10:48:29.0000000|2016-07-20T10:50:01.0000000|1469023255_706__PracticaServlets.pdf|ManicTime/Documents
270|GitHub|2016-07-20T10:50:01.0000000|2016-07-20T10:50:06.0000000|GitHub Desktop|ManicTime/Applications
271|Program Manager|2016-07-20T10:50:06.0000000|2016-07-20T10:50:16.0000000|Sistema operativo Microsoft® Windows®|ManicTime/Applications
272|Menú Inicio|2016-07-20T10:50:16.0000000|2016-07-20T10:50:38.0000000|Sistema operativo Microsoft® Windows®|ManicTime/Applications
273|MySQL Utilities Console|2016-07-20T10:50:38.0000000|2016-07-20T10:50:59.0000000|mysqluc|ManicTime/Applications
274|Menú Inicio|2016-07-20T10:50:59.0000000|2016-07-20T10:51:28.0000000|Sistema operativo Microsoft® Windows®|ManicTime/Applications
275|MySQL Utilities Console|2016-07-20T10:51:28.0000000|2016-07-20T10:52:04.0000000|mysqluc|ManicTime/Applications
276|GitHub Desktop - Simple collaboration from your desktop - Google Chrome|2016-07-20T10:52:04.0000000|2016-07-20T10:52:28.0000000|Google Chrome|ManicTime/Applications
277|https://desktop.github.com/|2016-07-20T10:52:04.0000000|2016-07-20T10:52:28.0000000|desktop.github.com|ManicTime/Documents
278|AdmProyectos - NetBeans IDE 8.1|2016-07-20T10:52:28.0000000|2016-07-20T10:54:35.0000000|NetBeans IDE 8.1|ManicTime/Applications
279|GitHub Desktop - Simple collaboration from your desktop - Google Chrome|2016-07-20T10:54:35.0000000|2016-07-20T10:54:46.0000000|Google Chrome|ManicTime/Applications
280|GitHub Desktop - Simple collaboration from your desktop - Google Chrome|2016-07-20T10:54:46.0000000|2016-07-20T10:54:54.0000000|Google Chrome|ManicTime/Applications
281|crear db mysql consola - Buscar con Google - Google Chrome|2016-07-20T10:54:54.0000000|2016-07-20T10:55:02.0000000|Google Chrome|ManicTime/Applications
282|MySQL por línea de comandos - Google Chrome|2016-07-20T10:55:02.0000000|2016-07-20T10:55:34.0000000|Google Chrome|ManicTime/Applications
283|https://desktop.github.com/|2016-07-20T10:54:35.0000000|2016-07-20T10:54:46.0000000|desktop.github.com|ManicTime/Documents
284|https://www.google.com.ec/webhp?sourceid=chrome-instant&ion=1&espv=2&ie=UTF-8#q=crear db mysql consola|2016-07-20T10:54:54.0000000|2016-07-20T10:55:02.0000000|www.google.com.ec|ManicTime/Documents
285|http://www.desarrolloweb.com/articulos/2408.php|2016-07-20T10:55:02.0000000|2016-07-20T10:55:34.0000000|www.desarrolloweb.com|ManicTime/Documents
286|MySQL Utilities Console|2016-07-20T10:55:34.0000000|2016-07-20T10:56:44.0000000|mysqluc|ManicTime/Applications
287|MySQL por línea de comandos - Google Chrome|2016-07-20T10:56:44.0000000|2016-07-20T10:58:16.0000000|Google Chrome|ManicTime/Applications
288|http://www.desarrolloweb.com/articulos/2408.php|2016-07-20T10:56:44.0000000|2016-07-20T10:58:16.0000000|www.desarrolloweb.com|ManicTime/Documents
289|MySQL Utilities Console|2016-07-20T10:58:16.0000000|2016-07-20T10:59:27.0000000|mysqluc|ManicTime/Applications
290|MySQL por línea de comandos - Google Chrome|2016-07-20T10:59:27.0000000|2016-07-20T11:03:04.0000000|Google Chrome|ManicTime/Applications
291|http://www.desarrolloweb.com/articulos/2408.php|2016-07-20T10:59:27.0000000|2016-07-20T11:03:04.0000000|www.desarrolloweb.com|ManicTime/Documents
292|Administrador de Proyectos - Google Chrome|2016-07-20T11:03:04.0000000|2016-07-20T11:03:15.0000000|Google Chrome|ManicTime/Applications
293|Administrador de Proyectos - Google Chrome|2016-07-20T11:03:15.0000000|2016-07-20T11:03:46.0000000|Google Chrome|ManicTime/Applications
294|http://localhost:8080/AdmProyectos/|2016-07-20T11:03:04.0000000|2016-07-20T11:03:15.0000000|localhost|ManicTime/Documents
295|http://localhost:8080/AdmProyectos/home.jsp|2016-07-20T11:03:15.0000000|2016-07-20T11:03:46.0000000|localhost|ManicTime/Documents
296|MySQL Utilities Console|2016-07-20T11:03:46.0000000|2016-07-20T11:03:52.0000000|mysqluc|ManicTime/Applications
297|AdmProyectos - NetBeans IDE 8.1|2016-07-20T11:03:52.0000000|2016-07-20T11:07:23.0000000|NetBeans IDE 8.1|ManicTime/Applications
298|MySQL por línea de comandos - Google Chrome|2016-07-20T11:07:23.0000000|2016-07-20T11:07:29.0000000|Google Chrome|ManicTime/Applications
299|MySQL por línea de comandos - Google Chrome|2016-07-20T11:07:29.0000000|2016-07-20T11:07:35.0000000|Google Chrome|ManicTime/Applications
300|Sistema operativo Microsoft® Windows®|2016-07-20T11:07:35.0000000|2016-07-20T11:07:43.0000000|Sistema operativo Microsoft® Windows®|ManicTime/Applications
301|Menú Inicio|2016-07-20T11:07:43.0000000|2016-07-20T11:07:50.0000000|Sistema operativo Microsoft® Windows®|ManicTime/Applications
302|Sistema operativo Microsoft® Windows®|2016-07-20T11:07:50.0000000|2016-07-20T11:07:57.0000000|Sistema operativo Microsoft® Windows®|ManicTime/Applications
303|WAMPSERVER Homepage - Google Chrome|2016-07-20T11:07:57.0000000|2016-07-20T11:08:06.0000000|Google Chrome|ManicTime/Applications
304|phpMyAdmin - Google Chrome|2016-07-20T11:08:06.0000000|2016-07-20T11:08:32.0000000|Google Chrome|ManicTime/Applications
305|http://www.desarrolloweb.com/articulos/2408.php|2016-07-20T11:07:23.0000000|2016-07-20T11:07:29.0000000|www.desarrolloweb.com|ManicTime/Documents
306|http://localhost:8080/AdmProyectos|2016-07-20T11:07:29.0000000|2016-07-20T11:07:35.0000000|localhost|ManicTime/Documents
307|http://localhost/|2016-07-20T11:07:57.0000000|2016-07-20T11:08:06.0000000|localhost|ManicTime/Documents
308|http://localhost/phpmyadmin/|2016-07-20T11:08:06.0000000|2016-07-20T11:08:32.0000000|localhost|ManicTime/Documents
309|wampmanager|2016-07-20T11:08:32.0000000|2016-07-20T11:09:02.0000000|wampmanager|ManicTime/Applications
310|Internet Explorer 11|2016-07-20T11:09:02.0000000|2016-07-20T11:09:07.0000000|Internet Explorer|ManicTime/Applications
311|phpMyAdmin - Google Chrome|2016-07-20T11:09:07.0000000|2016-07-20T11:09:23.0000000|Google Chrome|ManicTime/Applications
313|http://localhost/phpmyadmin/|2016-07-20T11:09:07.0000000|2016-07-20T11:09:23.0000000|localhost|ManicTime/Documents
315|Administrador de Proyectos - Google Chrome|2016-07-20T11:09:23.0000000|2016-07-20T11:09:31.0000000|Google Chrome|ManicTime/Applications
316|phpMyAdmin - Google Chrome|2016-07-20T11:09:31.0000000|2016-07-20T11:09:46.0000000|Google Chrome|ManicTime/Applications
317|phpmyadmin - Buscar con Google - Google Chrome|2016-07-20T11:09:46.0000000|2016-07-20T11:10:16.0000000|Google Chrome|ManicTime/Applications
318|phpmyadmin tutorial español - Buscar con Google - Google Chrome|2016-07-20T11:10:16.0000000|2016-07-20T11:10:22.0000000|Google Chrome|ManicTime/Applications
319|http://localhost:8080/AdmProyectos/|2016-07-20T11:09:23.0000000|2016-07-20T11:09:31.0000000|localhost|ManicTime/Documents
320|http://localhost/phpmyadmin/|2016-07-20T11:09:31.0000000|2016-07-20T11:09:46.0000000|localhost|ManicTime/Documents
321|https://www.google.com.ec/search?q=phpmyadmin&oq=phpmyadmin&aqs=chrome..69i57j69i60j0l4.5070j0j4&sourceid=chrome&ie=UTF-8|2016-07-20T11:09:46.0000000|2016-07-20T11:10:16.0000000|www.google.com.ec|ManicTime/Documents
322|https://www.google.com.ec/search?q=phpmyadmin&oq=phpmyadmin&aqs=chrome..69i57j69i60j0l4.5070j0j4&sourceid=chrome&ie=UTF-8#q=phpmyadmin+tutorial+español|2016-07-20T11:10:16.0000000|2016-07-20T11:10:22.0000000|www.google.com.ec|ManicTime/Documents
323|¡Bienvenido a la documentación de phpMyAdmin! — documentación de phpMyAdmin - 4.7.0-dev - Google Chrome|2016-07-20T11:10:22.0000000|2016-07-20T11:10:29.0000000|Google Chrome|ManicTime/Applications
324|Introducción — documentación de phpMyAdmin - 4.7.0-dev - Google Chrome|2016-07-20T11:10:29.0000000|2016-07-20T11:10:39.0000000|Google Chrome|ManicTime/Applications
325|Requisitos — documentación de phpMyAdmin - 4.7.0-dev - Google Chrome|2016-07-20T11:10:39.0000000|2016-07-20T11:10:51.0000000|Google Chrome|ManicTime/Applications
326|Instalación — documentación de phpMyAdmin - 4.7.0-dev - Google Chrome|2016-07-20T11:10:51.0000000|2016-07-20T11:11:08.0000000|Google Chrome|ManicTime/Applications
327|Instalación — documentación de phpMyAdmin - 4.7.0-dev - Google Chrome|2016-07-20T11:11:08.0000000|2016-07-20T11:11:14.0000000|Google Chrome|ManicTime/Applications
328|ingreso a phpmyadmin - Buscar con Google - Google Chrome|2016-07-20T11:11:14.0000000|2016-07-20T11:11:23.0000000|Google Chrome|ManicTime/Applications
329|http://docs.phpmyadmin.net/es/latest/|2016-07-20T11:10:22.0000000|2016-07-20T11:10:29.0000000|docs.phpmyadmin.net|ManicTime/Documents
330|http://docs.phpmyadmin.net/es/latest/intro.html|2016-07-20T11:10:29.0000000|2016-07-20T11:10:39.0000000|docs.phpmyadmin.net|ManicTime/Documents
331|http://docs.phpmyadmin.net/es/latest/require.html|2016-07-20T11:10:39.0000000|2016-07-20T11:10:51.0000000|docs.phpmyadmin.net|ManicTime/Documents
332|http://docs.phpmyadmin.net/es/latest/setup.html|2016-07-20T11:10:51.0000000|2016-07-20T11:11:08.0000000|docs.phpmyadmin.net|ManicTime/Documents
333|https://www.google.com.ec/search?q=ingreso+a+phpmyadmin&oq=ingreso+a+php&aqs=chrome.1.69i57j0l5.5952j0j4&sourceid=chrome&ie=UTF-8|2016-07-20T11:11:14.0000000|2016-07-20T11:11:23.0000000|www.google.com.ec|ManicTime/Documents
334|Moodle en Español: como entrar a phpmyadmin - Google Chrome|2016-07-20T11:11:23.0000000|2016-07-20T11:11:42.0000000|Google Chrome|ManicTime/Applications
335|phpMyAdmin - Google Chrome|2016-07-20T11:11:42.0000000|2016-07-20T11:11:49.0000000|Google Chrome|ManicTime/Applications
336|Sistema operativo Microsoft® Windows®|2016-07-20T11:11:49.0000000|2016-07-20T11:11:56.0000000|Sistema operativo Microsoft® Windows®|ManicTime/Applications
337|wampmanager|2016-07-20T11:11:56.0000000|2016-07-20T11:12:10.0000000|wampmanager|ManicTime/Applications
338|phpMyAdmin - Internet Explorer|2016-07-20T11:12:10.0000000|2016-07-20T11:12:16.0000000|Internet Explorer|ManicTime/Applications
339|phpMyAdmin - Google Chrome|2016-07-20T11:12:16.0000000|2016-07-20T11:12:23.0000000|Google Chrome|ManicTime/Applications
340|https://moodle.org/mod/forum/discuss.php?d=171155|2016-07-20T11:11:23.0000000|2016-07-20T11:11:42.0000000|moodle.org|ManicTime/Documents
341|http://localhost/phpmyadmin/|2016-07-20T11:11:42.0000000|2016-07-20T11:11:49.0000000|localhost|ManicTime/Documents
342|http://localhost/phpmyadmin/|2016-07-20T11:12:10.0000000|2016-07-20T11:12:16.0000000|localhost|ManicTime/Documents
343|http://localhost/phpmyadmin/|2016-07-20T11:12:16.0000000|2016-07-20T11:12:23.0000000|localhost|ManicTime/Documents
344|GlassFish Server Open Source Edition 4.1.1 - Error report - Google Chrome|2016-07-20T11:12:23.0000000|2016-07-20T11:12:29.0000000|Google Chrome|ManicTime/Applications
345|GlassFish Server Open Source Edition 4.1.1 - Error report - Google Chrome|2016-07-20T11:12:29.0000000|2016-07-20T11:12:34.0000000|Google Chrome|ManicTime/Applications
346|http://localhost:7070/phpmyadmin/ no está disponible. - Google Chrome|2016-07-20T11:12:34.0000000|2016-07-20T11:12:43.0000000|Google Chrome|ManicTime/Applications
347|Sistema operativo Microsoft® Windows®|2016-07-20T11:12:43.0000000|2016-07-20T11:12:59.0000000|Sistema operativo Microsoft® Windows®|ManicTime/Applications
348|wampmanager|2016-07-20T11:12:59.0000000|2016-07-20T11:13:29.0000000|wampmanager|ManicTime/Applications
349|http://localhost:8080/phpmyadmin/|2016-07-20T11:12:23.0000000|2016-07-20T11:12:29.0000000|localhost|ManicTime/Documents
350|http://localhost/phpmyadmin/|2016-07-20T11:12:29.0000000|2016-07-20T11:12:34.0000000|localhost|ManicTime/Documents
351|http://localhost:7070/phpmyadmin/|2016-07-20T11:12:34.0000000|2016-07-20T11:12:43.0000000|localhost|ManicTime/Documents
352|wjvelez/Practica_JSP: Práctica de JSP - Google Chrome|2016-07-20T11:13:29.0000000|2016-07-20T11:13:47.0000000|Google Chrome|ManicTime/Applications
353|Nueva pestaña - Google Chrome|2016-07-20T11:13:47.0000000|2016-07-20T11:13:57.0000000|Google Chrome|ManicTime/Applications
354|phpMyAdmin - Google Chrome|2016-07-20T11:13:57.0000000|2016-07-20T11:14:04.0000000|Google Chrome|ManicTime/Applications
355|Program Manager|2016-07-20T11:14:04.0000000|2016-07-20T11:14:13.0000000|Sistema operativo Microsoft® Windows®|ManicTime/Applications
356|AdmProyectos - NetBeans IDE 8.1|2016-07-20T11:14:13.0000000|2016-07-20T11:14:18.0000000|NetBeans IDE 8.1|ManicTime/Applications
358|https://github.com/wjvelez/Practica_JSP|2016-07-20T11:13:29.0000000|2016-07-20T11:13:47.0000000|github.com|ManicTime/Documents
359|http://localhost:8080/AdmProyectos|2016-07-20T11:13:47.0000000|2016-07-20T11:13:57.0000000|localhost|ManicTime/Documents
360|http://localhost/phpmyadmin/|2016-07-20T11:13:57.0000000|2016-07-20T11:14:04.0000000|localhost|ManicTime/Documents
361|wampmanager|2016-07-20T11:14:18.0000000|2016-07-20T11:14:37.0000000|wampmanager|ManicTime/Applications
362|Mozilla Firefox Web Browser — — Mozilla - Mozilla Firefox|2016-07-20T11:14:37.0000000|2016-07-20T11:14:44.0000000|Firefox|ManicTime/Applications
363|WAMPSERVER Homepage - Mozilla Firefox|2016-07-20T11:14:44.0000000|2016-07-20T11:15:01.0000000|Firefox|ManicTime/Applications
364|phpMyAdmin - Mozilla Firefox|2016-07-20T11:15:01.0000000|2016-07-20T11:15:06.0000000|Firefox|ManicTime/Applications
365|WAMPSERVER Homepage - Mozilla Firefox|2016-07-20T11:15:06.0000000|2016-07-20T11:15:31.0000000|Firefox|ManicTime/Applications
366|https://www.mozilla.org/es-ES/firefox/46.0.1/firstrun/|2016-07-20T11:14:37.0000000|2016-07-20T11:14:44.0000000|www.mozilla.org|ManicTime/Documents
367|http://localhost/|2016-07-20T11:14:44.0000000|2016-07-20T11:15:01.0000000|localhost|ManicTime/Documents
368|http://localhost/phpmyadmin/|2016-07-20T11:15:01.0000000|2016-07-20T11:15:06.0000000|localhost|ManicTime/Documents
369|http://localhost/|2016-07-20T11:15:06.0000000|2016-07-20T11:15:31.0000000|localhost|ManicTime/Documents
370|Menú Inicio|2016-07-20T11:15:31.0000000|2016-07-20T11:16:09.0000000|Sistema operativo Microsoft® Windows®|ManicTime/Applications
371|Sistema operativo Microsoft® Windows®|2016-07-20T11:16:09.0000000|2016-07-20T11:16:18.0000000|Sistema operativo Microsoft® Windows®|ManicTime/Applications
372|wampmanager|2016-07-20T11:16:18.0000000|2016-07-20T11:16:35.0000000|wampmanager|ManicTime/Applications
373|WAMPSERVER Homepage - Mozilla Firefox|2016-07-20T11:16:35.0000000|2016-07-20T11:16:40.0000000|Firefox|ManicTime/Applications
374|WAMPSERVER Homepage - Mozilla Firefox|2016-07-20T11:16:40.0000000|2016-07-20T11:16:50.0000000|Firefox|ManicTime/Applications
375|Mozilla Firefox|2016-07-20T11:16:50.0000000|2016-07-20T11:17:05.0000000|Firefox|ManicTime/Applications
376|wampmanager|2016-07-20T11:17:05.0000000|2016-07-20T11:17:34.0000000|wampmanager|ManicTime/Applications
378|http://localhost/|2016-07-20T11:16:35.0000000|2016-07-20T11:16:40.0000000|localhost|ManicTime/Documents
379|http://localhost:3306/|2016-07-20T11:16:40.0000000|2016-07-20T11:16:50.0000000|localhost|ManicTime/Documents
380|http://localhost:3306/phpmyadmin|2016-07-20T11:16:50.0000000|2016-07-20T11:17:05.0000000|localhost|ManicTime/Documents
381|Bloc de notas|2016-07-20T11:17:34.0000000|2016-07-20T11:17:39.0000000|Sistema operativo Microsoft® Windows®|ManicTime/Applications
382|Mozilla Firefox|2016-07-20T11:17:39.0000000|2016-07-20T11:17:44.0000000|Firefox|ManicTime/Applications
383|Sistema operativo Microsoft® Windows®|2016-07-20T11:17:44.0000000|2016-07-20T11:17:50.0000000|Sistema operativo Microsoft® Windows®|ManicTime/Applications
384|wampmanager|2016-07-20T11:17:50.0000000|2016-07-20T11:18:42.0000000|wampmanager|ManicTime/Applications
386|http://localhost:3306/phpmyadmin|2016-07-20T11:17:39.0000000|2016-07-20T11:17:44.0000000|localhost|ManicTime/Documents
387|phpMyAdmin - Google Chrome|2016-07-20T11:18:42.0000000|2016-07-20T11:18:48.0000000|Google Chrome|ManicTime/Applications
388|phpMyAdmin - Google Chrome|2016-07-20T11:18:48.0000000|2016-07-20T11:18:54.0000000|Google Chrome|ManicTime/Applications
389|wampmanager|2016-07-20T11:18:54.0000000|2016-07-20T11:19:21.0000000|wampmanager|ManicTime/Applications
390|http://localhost/phpmyadmin/|2016-07-20T11:18:42.0000000|2016-07-20T11:18:48.0000000|localhost|ManicTime/Documents
391|http://localhost/phpmyadmin/url.php?url=http:%2F%2Fphp.net%2Fmanual%2Fen%2Fbook.mbstring.php|2016-07-20T11:18:48.0000000|2016-07-20T11:18:54.0000000|localhost|ManicTime/Documents
392|Inicio|2016-07-20T11:19:21.0000000|2016-07-20T11:19:27.0000000|Sistema operativo Microsoft® Windows®|ManicTime/Applications
393|AdmProyectos - NetBeans IDE 8.1|2016-07-20T11:19:27.0000000|2016-07-20T11:22:44.0000000|NetBeans IDE 8.1|ManicTime/Applications
394|1469023255_706__PracticaServlets.pdf - Adobe Reader|2016-07-20T11:22:44.0000000|2016-07-20T11:23:05.0000000|Adobe Reader|ManicTime/Applications
395|AdmProyectos - NetBeans IDE 8.1|2016-07-20T11:23:05.0000000|2016-07-20T11:23:36.0000000|NetBeans IDE 8.1|ManicTime/Applications
396|1469023255_706__PracticaServlets.pdf|2016-07-20T11:22:44.0000000|2016-07-20T11:23:05.0000000|1469023255_706__PracticaServlets.pdf|ManicTime/Documents
397|Inicio|2016-07-20T11:23:36.0000000|2016-07-20T11:23:53.0000000|Sistema operativo Microsoft® Windows®|ManicTime/Applications
398|wjvelez/Practica_JSP: Práctica de JSP - Google Chrome|2016-07-20T11:23:53.0000000|2016-07-20T11:24:02.0000000|Google Chrome|ManicTime/Applications
399|Inicio|2016-07-20T11:24:02.0000000|2016-07-20T11:24:07.0000000|Sistema operativo Microsoft® Windows®|ManicTime/Applications
400|Program Manager|2016-07-20T11:24:07.0000000|2016-07-20T11:24:56.0000000|Sistema operativo Microsoft® Windows®|ManicTime/Applications
401|https://github.com/wjvelez/Practica_JSP|2016-07-20T11:23:53.0000000|2016-07-20T11:24:02.0000000|github.com|ManicTime/Documents
402|Menú Inicio|2016-07-20T11:24:56.0000000|2016-07-20T11:24:58.0000000|Sistema operativo Microsoft® Windows®|ManicTime/Applications
404||2016-07-21T07:29:25.0000000|2016-07-21T07:41:42.0000000||ManicTime/ComputerUsage
405||2016-07-21T07:41:42.0000000|2016-07-22T20:15:56.0000000||ManicTime/ComputerUsage
406|Inicio|2016-08-04T10:38:09.0000000|2016-08-04T10:38:17.0000000|Sistema operativo Microsoft® Windows®|ManicTime/Applications
407|Sistema operativo Microsoft® Windows®|2016-08-04T10:38:17.0000000|2016-08-04T10:38:21.0000000|Sistema operativo Microsoft® Windows®|ManicTime/Applications
408||2016-08-04T10:38:09.0000000|2016-08-04T10:38:21.0000000||ManicTime/ComputerUsage
409|Chrome - Google Chrome|2016-08-17T14:43:49.0000000|2016-08-17T14:43:54.0000000|Google Chrome|ManicTime/Applications
410|Google - Google Chrome|2016-08-17T14:43:54.0000000|2016-08-17T14:43:59.0000000|Google Chrome|ManicTime/Applications
411|node js isntall - Buscar con Google - Google Chrome|2016-08-17T14:43:59.0000000|2016-08-17T14:44:04.0000000|Google Chrome|ManicTime/Applications
412|Download | Node.js - Google Chrome|2016-08-17T14:44:04.0000000|2016-08-17T14:44:18.0000000|Google Chrome|ManicTime/Applications
413|Node.js - Google Chrome|2016-08-17T14:44:18.0000000|2016-08-17T14:44:34.0000000|Google Chrome|ManicTime/Applications
414|Inicio|2016-08-17T14:44:34.0000000|2016-08-17T14:44:59.0000000|Sistema operativo Microsoft® Windows®|ManicTime/Applications
415||2016-08-17T14:43:49.0000000|2016-08-17T14:47:44.0000000||ManicTime/ComputerUsage
416|chrome://chrome-signin/?access_point=0&reason=0|2016-08-17T14:43:49.0000000|2016-08-17T14:43:54.0000000|chrome-signin|ManicTime/Documents
417|https://www.google.com.ec/webhp?sourceid=chrome-instant&ion=1&espv=2&ie=UTF-8|2016-08-17T14:43:54.0000000|2016-08-17T14:43:59.0000000|www.google.com.ec|ManicTime/Documents
418|https://www.google.com.ec/webhp?sourceid=chrome-instant&ion=1&espv=2&ie=UTF-8#q=node js isntall|2016-08-17T14:43:59.0000000|2016-08-17T14:44:04.0000000|www.google.com.ec|ManicTime/Documents
419|https://nodejs.org/en/download/|2016-08-17T14:44:04.0000000|2016-08-17T14:44:18.0000000|nodejs.org|ManicTime/Documents
420|https://nodejs.org/en/|2016-08-17T14:44:18.0000000|2016-08-17T14:44:34.0000000|nodejs.org|ManicTime/Documents
421|Windows Installer|2016-08-17T14:44:59.0000000|2016-08-17T14:45:04.0000000|Windows Installer - Unicode|ManicTime/Applications
422|Node.js Setup|2016-08-17T14:45:04.0000000|2016-08-17T14:45:14.0000000|Windows Installer - Unicode|ManicTime/Applications
423|Nueva pestaña - Google Chrome|2016-08-17T14:45:14.0000000|2016-08-17T14:45:21.0000000|Google Chrome|ManicTime/Applications
424|instal nodemailer - Buscar con Google - Google Chrome|2016-08-17T14:45:21.0000000|2016-08-17T14:45:36.0000000|Google Chrome|ManicTime/Applications
425|pdfmaker js - Buscar con Google - Google Chrome|2016-08-17T14:45:36.0000000|2016-08-17T14:45:41.0000000|Google Chrome|ManicTime/Applications
426|Inicio|2016-08-17T14:45:41.0000000|2016-08-17T14:45:46.0000000|Sistema operativo Microsoft® Windows®|ManicTime/Applications
427|Nodemailer – Send e-mails with Node.JS - Google Chrome|2016-08-17T14:45:46.0000000|2016-08-17T14:46:00.0000000|Google Chrome|ManicTime/Applications
428|https://www.google.com.ec/webhp?sourceid=chrome-instant&ion=1&espv=2&ie=UTF-8#q=instal nodemailer|2016-08-17T14:45:21.0000000|2016-08-17T14:45:36.0000000|www.google.com.ec|ManicTime/Documents
429|https://www.google.com.ec/webhp?sourceid=chrome-instant&ion=1&espv=2&ie=UTF-8#q=pdfmaker+js|2016-08-17T14:45:36.0000000|2016-08-17T14:45:41.0000000|www.google.com.ec|ManicTime/Documents
430|https://nodemailer.com/|2016-08-17T14:45:46.0000000|2016-08-17T14:46:00.0000000|nodemailer.com|ManicTime/Documents
431|Node.js Setup|2016-08-17T14:46:00.0000000|2016-08-17T14:46:15.0000000|Windows Installer - Unicode|ManicTime/Applications
432|nodemailer - Google Chrome|2016-08-17T14:46:15.0000000|2016-08-17T14:46:24.0000000|Google Chrome|ManicTime/Applications
433|pdfmake.org/#/ - Google Chrome|2016-08-17T14:46:24.0000000|2016-08-17T14:46:32.0000000|Google Chrome|ManicTime/Applications
434|Node.js - Google Chrome|2016-08-17T14:46:32.0000000|2016-08-17T14:46:37.0000000|Google Chrome|ManicTime/Applications
435|3djs node - Buscar con Google - Google Chrome|2016-08-17T14:46:37.0000000|2016-08-17T14:46:44.0000000|Google Chrome|ManicTime/Applications
436|Ejecutar|2016-08-17T14:46:44.0000000|2016-08-17T14:46:49.0000000|Sistema operativo Microsoft® Windows®|ManicTime/Applications
437|https://www.npmjs.com/package/nodemailer|2016-08-17T14:46:15.0000000|2016-08-17T14:46:24.0000000|www.npmjs.com|ManicTime/Documents
438|http://pdfmake.org/#/|2016-08-17T14:46:24.0000000|2016-08-17T14:46:32.0000000|pdfmake.org|ManicTime/Documents
439|https://nodejs.org/en/|2016-08-17T14:46:32.0000000|2016-08-17T14:46:37.0000000|nodejs.org|ManicTime/Documents
440|https://www.google.com.ec/webhp?sourceid=chrome-instant&ion=1&espv=2&ie=UTF-8#q=3djs node|2016-08-17T14:46:37.0000000|2016-08-17T14:46:44.0000000|www.google.com.ec|ManicTime/Documents
441|C:\Windows\system32\cmd.exe|2016-08-17T14:46:49.0000000|2016-08-17T14:47:01.0000000|Sistema operativo Microsoft® Windows®|ManicTime/Applications
442|npm|2016-08-17T14:47:01.0000000|2016-08-17T14:47:12.0000000|Sistema operativo Microsoft® Windows®|ManicTime/Applications
443|C:\Windows\system32\cmd.exe|2016-08-17T14:47:12.0000000|2016-08-17T14:47:17.0000000|Sistema operativo Microsoft® Windows®|ManicTime/Applications
444|D3.js - Data-Driven Documents - Google Chrome|2016-08-17T14:47:17.0000000|2016-08-17T14:47:26.0000000|Google Chrome|ManicTime/Applications
445|Home · d3/d3 Wiki · GitHub - Google Chrome|2016-08-17T14:47:26.0000000|2016-08-17T14:47:36.0000000|Google Chrome|ManicTime/Applications
446|C:\Windows\system32\cmd.exe|2016-08-17T14:47:36.0000000|2016-08-17T14:47:42.0000000|Sistema operativo Microsoft® Windows®|ManicTime/Applications
447|Inicio|2016-08-17T14:47:42.0000000|2016-08-17T14:47:44.0000000|Sistema operativo Microsoft® Windows®|ManicTime/Applications
448||2016-08-17T14:47:44.0000000|2016-08-19T20:21:39.0000000||ManicTime/ComputerUsage
449|https://d3js.org/|2016-08-17T14:47:17.0000000|2016-08-17T14:47:26.0000000|d3js.org|ManicTime/Documents
450|https://github.com/d3/d3/wiki|2016-08-17T14:47:26.0000000|2016-08-17T14:47:36.0000000|github.com|ManicTime/Documents
451|Home · d3/d3 Wiki · GitHub - Google Chrome|2016-09-08T11:48:15.0000000|2016-09-08T11:48:38.0000000|Google Chrome|ManicTime/Applications
452|D3.js - Data-Driven Documents - Google Chrome|2016-09-08T11:48:38.0000000|2016-09-08T11:48:44.0000000|Google Chrome|ManicTime/Applications
453|Nueva pestaña - Google Chrome|2016-09-08T11:48:44.0000000|2016-09-08T11:50:06.0000000|Google Chrome|ManicTime/Applications
454||2016-09-08T11:48:15.0000000|2016-09-08T11:50:15.0000000||ManicTime/ComputerUsage
455|https://github.com/d3/d3/wiki|2016-09-08T11:48:15.0000000|2016-09-08T11:48:38.0000000|github.com|ManicTime/Documents
456|https://d3js.org/|2016-09-08T11:48:38.0000000|2016-09-08T11:48:44.0000000|d3js.org|ManicTime/Documents
457|Conmutación de tareas|2016-09-08T11:50:06.0000000|2016-09-08T11:50:11.0000000|Sistema operativo Microsoft® Windows®|ManicTime/Applications
459||2016-09-08T11:50:15.0000000|2016-09-08T14:28:53.0000000||ManicTime/ComputerUsage
460||2016-09-08T14:28:53.0000000|2016-09-08T14:33:43.0000000||ManicTime/ComputerUsage
461|Nueva pestaña - Google Chrome|2016-09-08T14:33:43.0000000|2016-09-08T14:33:48.0000000|Google Chrome|ManicTime/Applications
462|GitHub Desktop - Simple collaboration from your desktop - Google Chrome|2016-09-08T14:33:48.0000000|2016-09-08T14:33:58.0000000|Google Chrome|ManicTime/Applications
463|How people build software · GitHub - Google Chrome|2016-09-08T14:33:58.0000000|2016-09-08T14:34:08.0000000|Google Chrome|ManicTime/Applications
464|Sistema operativo Microsoft® Windows®|2016-09-08T14:34:08.0000000|2016-09-08T14:34:16.0000000|Sistema operativo Microsoft® Windows®|ManicTime/Applications
466||2016-09-08T14:33:43.0000000|2016-09-08T14:34:28.0000000||ManicTime/ComputerUsage
467|https://desktop.github.com/|2016-09-08T14:33:48.0000000|2016-09-08T14:33:58.0000000|desktop.github.com|ManicTime/Documents
468|https://github.com/|2016-09-08T14:33:58.0000000|2016-09-08T14:34:08.0000000|github.com|ManicTime/Documents
469|Scripts|2016-09-08T14:34:16.0000000|2016-09-08T14:34:22.0000000|Sistema operativo Microsoft® Windows®|ManicTime/Applications
470|MINGW64:/c/Users/estudiante.2016/Desktop/Scripts|2016-09-08T14:34:22.0000000|2016-09-08T14:34:28.0000000|mintty|ManicTime/Applications

(455 rows affected)
