Espere mientras se abre la aplicación|2016-05-24|08:28:14|2016-05-24|08:28:26|0:00:12|ManicTime|Applications|0|24
ManicTime|2016-05-24|08:28:26|2016-05-24|08:28:31|0:00:05|ManicTime|Applications|0|24
ManicTime|2016-05-24|08:28:31|2016-05-24|08:28:36|0:00:05|ManicTime|Applications|0|24
Configuración|2016-05-24|08:28:36|2016-05-24|08:28:44|0:00:08|ManicTime|Applications|0|24
Menú Inicio|2016-05-24|08:28:44|2016-05-24|08:28:49|0:00:05|Sistema operativo Microsoft® Windows®|Applications|0|24
60 segundos restantes|2016-06-02|11:52:42|2016-06-02|11:52:50|0:00:08|Sistema operativo Microsoft® Windows®|Applications|0|24
30 segundos restantes|2016-06-02|11:52:50|2016-06-02|11:52:55|0:00:05|Sistema operativo Microsoft® Windows®|Applications|0|24
10 segundos restantes|2016-06-02|11:52:55|2016-06-02|11:53:02|0:00:07|Sistema operativo Microsoft® Windows®|Applications|0|24
5 segundos restantes|2016-06-02|11:53:02|2016-06-02|11:53:08|0:00:06|Sistema operativo Microsoft® Windows®|Applications|0|24
Program Manager|2016-06-02|11:53:08|2016-06-02|11:55:30|0:02:22|Sistema operativo Microsoft® Windows®|Applications|0|24
Installers|2016-06-02|11:55:30|2016-06-02|11:55:35|0:00:05|Sistema operativo Microsoft® Windows®|Applications|0|24
Microsoft Visual C++ 2008 Redistributable Setup|2016-06-02|11:55:35|2016-06-02|11:55:52|0:00:17|Microsoft® Visual Studio® 2008|Applications|0|24
Menú Inicio|2016-06-02|11:55:52|2016-06-02|11:56:06|0:00:14|Sistema operativo Microsoft® Windows®|Applications|0|24
Microsoft Visual C++ 2012 Redistributable (x64) - 11.0.61030 Setup|2016-06-02|11:56:06|2016-06-02|11:56:14|0:00:08|Microsoft Visual C++ 2012 Redistributable (x64) - 11.0.61030|Applications|0|24
Servicios|2016-06-02|11:56:14|2016-06-02|11:56:36|0:00:22|Servicios|Applications|0|24
Control de servicio|2016-06-02|11:56:36|2016-06-02|11:56:41|0:00:05|Control de servicio|Applications|0|24
Microsoft Visual C++ 2012 Redistributable (x64) - 11.0.61030 Setup|2016-06-02|11:56:41|2016-06-02|11:56:51|0:00:10|Microsoft Visual C++ 2012 Redistributable (x64) - 11.0.61030|Applications|0|24
Microsoft Visual C++ 2012 Redistributable (x64) - 11.0.60610|2016-06-02|11:56:51|2016-06-02|11:57:18|0:00:27|Microsoft Visual C++ 2012 Redistributable (x64) - 11.0.60610|Applications|0|24
Microsoft Visual C++ 2012 Redistributable (x64) - 11.0.61030 Setup|2016-06-02|11:57:18|2016-06-02|11:57:41|0:00:23|Microsoft Visual C++ 2012 Redistributable (x64) - 11.0.61030|Applications|0|24
Microsoft Visual C++ 2013 Redistributable (x64) - 12.0.30501 Setup|2016-06-02|11:57:41|2016-06-02|11:57:47|0:00:06|Microsoft Visual C++ 2013 Redistributable (x64) - 12.0.30501|Applications|0|24
Microsoft Visual C++ 2013 Redistributable (x64) - 12.0.30501|2016-06-02|11:57:47|2016-06-02|11:58:35|0:00:48|Microsoft Visual C++ 2013 Redistributable (x64) - 12.0.30501|Applications|0|24
Microsoft Visual C++ 2013 Redistributable (x64) - 12.0.21005|2016-06-02|11:58:35|2016-06-02|11:59:30|0:00:55|Microsoft Visual C++ 2013 Redistributable (x64) - 12.0.21005|Applications|0|24
Microsoft Visual C++ 2013 Redistributable (x86) - 12.0.21005|2016-06-02|11:59:30|2016-06-02|12:00:33|0:01:03|Microsoft Visual C++ 2013 Redistributable (x86) - 12.0.21005|Applications|0|24
Installers|2016-06-02|12:00:33|2016-06-02|12:00:39|0:00:06|Sistema operativo Microsoft® Windows®|Applications|0|24
Microsoft Visual C++ 2008 Redistributable Setup|2016-06-02|12:00:39|2016-06-02|12:00:54|0:00:15|Microsoft® Visual Studio® 2008|Applications|0|24
Microsoft Visual C++ 2012 Redistributable (x86) - 11.0.61030 Setup|2016-06-02|12:00:54|2016-06-02|12:01:00|0:00:06|Microsoft Visual C++ 2012 Redistributable (x86) - 11.0.61030|Applications|0|24
Microsoft Visual C++ 2012 Redistributable (x86) - 11.0.61030|2016-06-02|12:01:00|2016-06-02|12:01:39|0:00:39|Microsoft Visual C++ 2012 Redistributable (x86) - 11.0.61030|Applications|0|24
Microsoft Visual C++ 2012 Redistributable (x86) - 11.0.60610|2016-06-02|12:01:39|2016-06-02|12:02:30|0:00:51|Microsoft Visual C++ 2012 Redistributable (x86) - 11.0.60610|Applications|0|24
Microsoft Visual C++ 2013 Redistributable (x86) - 12.0.30501 Setup|2016-06-02|12:02:30|2016-06-02|12:02:37|0:00:07|Microsoft Visual C++ 2013 Redistributable (x86) - 12.0.30501|Applications|0|24
Microsoft Visual C++ 2013 Redistributable (x86) - 12.0.30501|2016-06-02|12:02:37|2016-06-02|12:03:36|0:00:59|Microsoft Visual C++ 2013 Redistributable (x86) - 12.0.30501|Applications|0|24
Installers|2016-06-02|12:03:36|2016-06-02|12:03:50|0:00:14|Sistema operativo Microsoft® Windows®|Applications|0|24
Setup - Wampserver64|2016-06-02|12:03:50|2016-06-02|12:06:10|0:02:20|wampserver3.0.4_x64_apache2.4.18_mysql5.7.11_php5.6.19-7.0.4|Applications|1|24
Installers|2016-06-02|12:06:10|2016-06-02|12:06:31|0:00:21|Sistema operativo Microsoft® Windows®|Applications|0|24
Python 3.5.1 (64-bit) Setup|2016-06-02|12:06:31|2016-06-02|12:06:36|0:00:05|Python 3.5.1 (64-bit)|Applications|1|24
Eliminar archivo|2016-06-02|12:06:36|2016-06-02|12:06:46|0:00:10|Sistema operativo Microsoft® Windows®|Applications|0|24
Installers|2016-06-02|12:06:46|2016-06-02|12:08:22|0:01:36|Sistema operativo Microsoft® Windows®|Applications|0|24
Python 3.5.1 (64-bit) Setup|2016-06-02|12:08:22|2016-06-02|12:08:44|0:00:22|Python 3.5.1 (64-bit)|Applications|1|24
Installers|2016-06-02|12:08:44|2016-06-02|12:08:49|0:00:05|Sistema operativo Microsoft® Windows®|Applications|0|24
Program Manager|2016-06-02|12:08:49|2016-06-02|12:09:05|0:00:16|Sistema operativo Microsoft® Windows®|Applications|0|24
Blast|2016-06-02|12:09:05|2016-06-02|12:09:07|0:00:02|Blast|Applications|0|24
Sistema operativo Microsoft® Windows®|2016-06-02|12:09:46|2016-06-02|12:10:11|0:00:25|Sistema operativo Microsoft® Windows®|Applications|0|24
ManicTime - STANDARD|2016-06-02|12:10:11|2016-06-02|12:10:31|0:00:20|ManicTime|Applications|0|24
Blast|2016-06-02|12:10:31|2016-06-02|12:10:33|0:00:02|Blast|Applications|0|24
How people build software · GitHub - Google Chrome|2016-07-20|09:11:48|2016-07-20|09:11:55|0:00:07|Google Chrome|Applications|1|24
Sign in to GitHub · GitHub - Google Chrome|2016-07-20|09:11:55|2016-07-20|09:12:08|0:00:13|Google Chrome|Applications|1|24
GitHub - Google Chrome|2016-07-20|09:12:08|2016-07-20|09:12:28|0:00:20|Google Chrome|Applications|1|24
Create a New Repository - Google Chrome|2016-07-20|09:12:28|2016-07-20|09:13:19|0:00:51|Google Chrome|Applications|0|24
https://github.com/|2016-07-20|09:11:48|2016-07-20|09:11:55|0:00:07|github.com|Documents|1|24
https://github.com/login?return_to=%2Fjoin%3Fsource%3Dheader|2016-07-20|09:11:55|2016-07-20|09:12:08|0:00:13|github.com|Documents|1|24
https://github.com/|2016-07-20|09:12:08|2016-07-20|09:12:28|0:00:20|github.com|Documents|1|24
https://github.com/new|2016-07-20|09:12:28|2016-07-20|09:13:19|0:00:51|github.com|Documents|1|24
brajchit/java_web - Google Chrome|2016-07-20|09:13:19|2016-07-20|09:13:24|0:00:05|Google Chrome|Applications|0|24
Sistema operativo Microsoft® Windows®|2016-07-20|09:13:24|2016-07-20|09:13:29|0:00:05|Sistema operativo Microsoft® Windows®|Applications|0|24
MINGW64:/c/Users/estudiante.2016|2016-07-20|09:13:29|2016-07-20|09:13:39|0:00:10|mintty|Applications|1|24
Menú Inicio|2016-07-20|09:13:39|2016-07-20|09:13:47|0:00:08|Sistema operativo Microsoft® Windows®|Applications|0|24
Panel de control|2016-07-20|09:13:47|2016-07-20|09:13:54|0:00:07|Sistema operativo Microsoft® Windows®|Applications|0|24
https://github.com/brajchit/java_web|2016-07-20|09:13:19|2016-07-20|09:13:24|0:00:05|github.com|Documents|1|24
Nueva pestaña - Google Chrome|2016-07-20|09:13:54|2016-07-20|09:14:02|0:00:08|Google Chrome|Applications|0|24
Actividad reciente - Google Chrome|2016-07-20|09:14:20|2016-07-20|09:14:27|0:00:07|Google Chrome|Applications|0|24
DESARROLLO DE APLICACIONES WEB - Google Chrome|2016-07-20|09:14:27|2016-07-20|09:14:34|0:00:07|Google Chrome|Applications|0|24
Trabajos: DESARROLLO DE APLICACIONES WEB - Google Chrome|2016-07-20|09:14:34|2016-07-20|09:14:39|0:00:05|Google Chrome|Applications|0|24
Practica Servlets: DESARROLLO DE APLICACIONES WEB - Google Chrome|2016-07-20|09:14:39|2016-07-20|09:15:07|0:00:28|Google Chrome|Applications|0|24
https://auth.espol.edu.ec/login?service=https:%2F%2Fwww.sidweb.espol.edu.ec%2Flogin|2016-07-20|09:14:02|2016-07-20|09:14:15|0:00:13|auth.espol.edu.ec|Documents|0|24
https://auth.espol.edu.ec/login;jsessionid=ED8A3E801A5190AFC0DE60C8060D1C4C?service=https:%2F%2Fwww.sidweb.espol.edu.ec%2Flogin|2016-07-20|09:14:15|2016-07-20|09:14:20|0:00:05|auth.espol.edu.ec|Documents|0|24
https://www.sidweb.espol.edu.ec/|2016-07-20|09:14:20|2016-07-20|09:14:27|0:00:07|www.sidweb.espol.edu.ec|Documents|0|24
https://www.sidweb.espol.edu.ec/courses/32682|2016-07-20|09:14:27|2016-07-20|09:14:34|0:00:07|www.sidweb.espol.edu.ec|Documents|0|24
https://www.sidweb.espol.edu.ec/courses/32682/assignments|2016-07-20|09:14:34|2016-07-20|09:14:39|0:00:05|www.sidweb.espol.edu.ec|Documents|0|24
https://www.sidweb.espol.edu.ec/courses/32682/assignments/115782|2016-07-20|09:14:39|2016-07-20|09:15:07|0:00:28|www.sidweb.espol.edu.ec|Documents|0|24
1469023283_510__AdmProyectos.zip - WinRAR (copia de evaluación)|2016-07-20|09:15:07|2016-07-20|09:15:13|0:00:06|WinRAR|Applications|0|24
Descargas|2016-07-20|09:15:13|2016-07-20|09:15:35|0:00:22|Sistema operativo Microsoft® Windows®|Applications|0|24
AdmProyectos|2016-07-20|09:15:35|2016-07-20|09:15:41|0:00:06|Sistema operativo Microsoft® Windows®|Applications|0|24
Menú Inicio|2016-07-20|09:15:41|2016-07-20|09:15:53|0:00:12|Sistema operativo Microsoft® Windows®|Applications|0|24
Sistema operativo Microsoft® Windows®|2016-07-20|09:15:53|2016-07-20|09:16:02|0:00:09|Sistema operativo Microsoft® Windows®|Applications|0|24
Starting NetBeans IDE|2016-07-20|09:16:02|2016-07-20|09:16:27|0:00:25|NetBeans IDE 8.1|Applications|1|24
AdmProyectos|2016-07-20|09:16:27|2016-07-20|09:16:35|0:00:08|Sistema operativo Microsoft® Windows®|Applications|0|24
Starting NetBeans IDE|2016-07-20|09:16:35|2016-07-20|09:16:42|0:00:07|NetBeans IDE 8.1|Applications|1|24
Panel de control|2016-07-20|09:16:42|2016-07-20|09:16:49|0:00:07|Sistema operativo Microsoft® Windows®|Applications|0|24
Practica Servlets: DESARROLLO DE APLICACIONES WEB - Google Chrome|2016-07-20|09:16:49|2016-07-20|09:16:54|0:00:05|Google Chrome|Applications|0|24
brajchit/java_web - Google Chrome|2016-07-20|09:16:54|2016-07-20|09:17:00|0:00:06|Google Chrome|Applications|0|24
MINGW64:/c/Users/estudiante.2016|2016-07-20|09:17:00|2016-07-20|09:17:13|0:00:13|mintty|Applications|1|24
MINGW64:/c/Users/estudiante.2016/Downloads|2016-07-20|09:17:13|2016-07-20|09:17:20|0:00:07|mintty|Applications|1|24
MINGW64:/c/Users/estudiante.2016/Downloads/AdmProyectos|2016-07-20|09:17:20|2016-07-20|09:17:34|0:00:14|mintty|Applications|1|24
brajchit/java_web - Google Chrome|2016-07-20|09:17:34|2016-07-20|09:17:40|0:00:06|Google Chrome|Applications|0|24
MINGW64:/c/Users/estudiante.2016/Downloads/AdmProyectos|2016-07-20|09:17:40|2016-07-20|09:18:19|0:00:39|mintty|Applications|1|24
https://www.sidweb.espol.edu.ec/courses/32682/assignments/115782|2016-07-20|09:16:49|2016-07-20|09:16:54|0:00:05|www.sidweb.espol.edu.ec|Documents|0|24
https://github.com/brajchit/java_web|2016-07-20|09:16:54|2016-07-20|09:17:00|0:00:06|github.com|Documents|1|24
https://github.com/brajchit/java_web|2016-07-20|09:17:34|2016-07-20|09:17:40|0:00:06|github.com|Documents|1|24
brajchit/java_web - Google Chrome|2016-07-20|09:18:19|2016-07-20|09:18:27|0:00:08|Google Chrome|Applications|0|24
MINGW64:/c/Users/estudiante.2016/Downloads/AdmProyectos|2016-07-20|09:18:27|2016-07-20|09:18:37|0:00:10|mintty|Applications|1|24
brajchit/java_web - Google Chrome|2016-07-20|09:18:37|2016-07-20|09:18:49|0:00:12|Google Chrome|Applications|0|24
https://github.com/brajchit/java_web|2016-07-20|09:18:19|2016-07-20|09:18:27|0:00:08|github.com|Documents|1|24
https://github.com/brajchit/java_web|2016-07-20|09:18:37|2016-07-20|09:18:49|0:00:12|github.com|Documents|1|24
MINGW64:/c/Users/estudiante.2016/Downloads/AdmProyectos|2016-07-20|09:18:49|2016-07-20|09:18:57|0:00:08|mintty|Applications|1|24
OpenSSH|2016-07-20|09:18:57|2016-07-20|09:19:19|0:00:22|Tk 8.6 for Windows|Applications|0|24
MINGW64:/c/Users/estudiante.2016/Downloads/AdmProyectos|2016-07-20|09:19:19|2016-07-20|09:19:32|0:00:13|mintty|Applications|1|24
OpenSSH|2016-07-20|09:19:32|2016-07-20|09:19:39|0:00:07|Tk 8.6 for Windows|Applications|0|24
MINGW64:/c/Users/estudiante.2016/Downloads/AdmProyectos|2016-07-20|09:19:39|2016-07-20|09:19:55|0:00:16|mintty|Applications|1|24
brajchit/java_web - Google Chrome|2016-07-20|09:19:55|2016-07-20|09:20:01|0:00:06|Google Chrome|Applications|0|24
Collaborators - Google Chrome|2016-07-20|09:20:01|2016-07-20|09:20:47|0:00:46|Google Chrome|Applications|0|24
Practica Servlets: DESARROLLO DE APLICACIONES WEB - Google Chrome|2016-07-20|09:20:47|2016-07-20|09:20:53|0:00:06|Google Chrome|Applications|0|24
https://github.com/brajchit/java_web|2016-07-20|09:19:55|2016-07-20|09:20:01|0:00:06|github.com|Documents|1|24
https://github.com/brajchit/java_web/settings/collaboration|2016-07-20|09:20:01|2016-07-20|09:20:47|0:00:46|github.com|Documents|1|24
https://www.sidweb.espol.edu.ec/courses/32682/assignments/115782|2016-07-20|09:20:47|2016-07-20|09:20:53|0:00:06|www.sidweb.espol.edu.ec|Documents|0|24
NetBeans IDE 8.1|2016-07-20|09:20:53|2016-07-20|09:21:12|0:00:19|NetBeans IDE 8.1|Applications|1|24
Open Project|2016-07-20|09:21:12|2016-07-20|09:21:22|0:00:10|NetBeans IDE 8.1|Applications|1|24
NetBeans IDE 8.1|2016-07-20|09:21:22|2016-07-20|09:21:29|0:00:07|NetBeans IDE 8.1|Applications|1|24
Practica Servlets: DESARROLLO DE APLICACIONES WEB - Google Chrome|2016-07-20|09:21:29|2016-07-20|09:21:53|0:00:24|Google Chrome|Applications|0|24
https://www.sidweb.espol.edu.ec/courses/32682/assignments/115782|2016-07-20|09:21:29|2016-07-20|09:21:53|0:00:24|www.sidweb.espol.edu.ec|Documents|0|24
Collaborators - Google Chrome|2016-07-20|09:21:53|2016-07-20|09:23:03|0:01:10|Google Chrome|Applications|0|24
https://github.com/brajchit/java_web/settings/collaboration|2016-07-20|09:21:53|2016-07-20|09:23:03|0:01:10|github.com|Documents|1|24
AdmProyectos - NetBeans IDE 8.1|2016-07-20|09:23:03|2016-07-20|09:25:15|0:02:12|NetBeans IDE 8.1|Applications|1|24
New Java Package|2016-07-20|09:25:15|2016-07-20|09:25:30|0:00:15|NetBeans IDE 8.1|Applications|1|24
AdmProyectos - NetBeans IDE 8.1|2016-07-20|09:25:30|2016-07-20|09:25:54|0:00:24|NetBeans IDE 8.1|Applications|1|24
New Servlet|2016-07-20|09:25:54|2016-07-20|09:26:17|0:00:23|NetBeans IDE 8.1|Applications|1|24
AdmProyectos - NetBeans IDE 8.1|2016-07-20|09:26:17|2016-07-20|09:27:21|0:01:04|NetBeans IDE 8.1|Applications|1|24
Panel de control|2016-07-20|09:27:21|2016-07-20|09:27:26|0:00:05|Sistema operativo Microsoft® Windows®|Applications|0|24
Configuración regional y de idioma|2016-07-20|09:27:26|2016-07-20|09:27:31|0:00:05|Sistema operativo Microsoft® Windows®|Applications|0|24
Servicios texto/idiomas entrada|2016-07-20|09:27:31|2016-07-20|09:28:06|0:00:35|Sistema operativo Microsoft® Windows®|Applications|0|24
AdmProyectos - NetBeans IDE 8.1|2016-07-20|09:28:06|2016-07-20|09:28:13|0:00:07|NetBeans IDE 8.1|Applications|1|24
Servicios texto/idiomas entrada|2016-07-20|09:28:13|2016-07-20|09:28:32|0:00:19|Sistema operativo Microsoft® Windows®|Applications|0|24
AdmProyectos - NetBeans IDE 8.1|2016-07-20|09:28:32|2016-07-20|09:28:38|0:00:06|NetBeans IDE 8.1|Applications|1|24
Inicio|2016-07-20|09:28:38|2016-07-20|09:28:49|0:00:11|Sistema operativo Microsoft® Windows®|Applications|0|24
AdmProyectos - NetBeans IDE 8.1|2016-07-20|09:28:49|2016-07-20|09:30:17|0:01:28|NetBeans IDE 8.1|Applications|1|24
Conmutación de tareas|2016-07-20|09:30:17|2016-07-20|09:30:22|0:00:05|Sistema operativo Microsoft® Windows®|Applications|0|24
AdmProyectos - NetBeans IDE 8.1|2016-07-20|09:30:22|2016-07-20|09:30:37|0:00:15|NetBeans IDE 8.1|Applications|1|24
Nueva pestaña - Google Chrome|2016-07-20|09:30:37|2016-07-20|09:30:42|0:00:05|Google Chrome|Applications|0|24
Google - Google Chrome|2016-07-20|09:30:42|2016-07-20|09:32:12|0:01:30|Google Chrome|Applications|0|24
http://github.com/|2016-07-20|09:30:37|2016-07-20|09:30:42|0:00:05|github.com|Documents|1|24
https://www.google.co.uk/?gws_rd=ssl|2016-07-20|09:30:42|2016-07-20|09:32:12|0:01:30|www.google.co.uk|Documents|0|24
AdmProyectos - NetBeans IDE 8.1|2016-07-20|09:32:12|2016-07-20|09:33:28|0:01:16|NetBeans IDE 8.1|Applications|1|24
Google - Google Chrome|2016-07-20|09:33:28|2016-07-20|09:33:43|0:00:15|Google Chrome|Applications|0|24
how to comment in netbeans shortcut - Buscar con Google - Google Chrome|2016-07-20|09:33:43|2016-07-20|09:33:51|0:00:08|Google Chrome|Applications|1|24
https://www.google.co.uk/?gws_rd=ssl|2016-07-20|09:33:28|2016-07-20|09:33:43|0:00:15|www.google.co.uk|Documents|0|24
https://www.google.co.uk/?gws_rd=ssl#q=how+to+comment+in+netbeans+shortcut|2016-07-20|09:33:43|2016-07-20|09:33:51|0:00:08|www.google.co.uk|Documents|1|24
Keyboard Shortcuts - NetBeans Wiki - Google Chrome|2016-07-20|09:33:51|2016-07-20|09:34:06|0:00:15|Google Chrome|Applications|1|24
shortcuts-80.pdf - Google Chrome|2016-07-20|09:34:06|2016-07-20|09:34:49|0:00:43|Google Chrome|Applications|0|24
AdmProyectos - NetBeans IDE 8.1|2016-07-20|09:34:49|2016-07-20|09:42:53|0:08:04|NetBeans IDE 8.1|Applications|1|24
http://wiki.netbeans.org/Keyboard_Shortcuts|2016-07-20|09:33:51|2016-07-20|09:34:06|0:00:15|wiki.netbeans.org|Documents|1|24
https://netbeans.org/project_downloads/usersguide/shortcuts-80.pdf|2016-07-20|09:34:06|2016-07-20|09:34:49|0:00:43|netbeans.org|Documents|1|24
http://localhost:8080/AdmProyectos - Internet Explorer|2016-07-20|09:42:53|2016-07-20|09:43:02|0:00:09|Internet Explorer|Applications|1|24
Internet Explorer 11|2016-07-20|09:43:02|2016-07-20|09:43:09|0:00:07|Internet Explorer|Applications|0|24
http://go.microsoft.com/fwlink/?LinkId=299201 - Internet Explorer|2016-07-20|09:43:09|2016-07-20|09:43:14|0:00:05|Internet Explorer|Applications|0|24
Internet Explorer|2016-07-20|09:43:14|2016-07-20|09:43:20|0:00:06|Internet Explorer|Applications|0|24
Nueva pestaña - Google Chrome|2016-07-20|09:43:20|2016-07-20|09:43:27|0:00:07|Google Chrome|Applications|0|24
Nueva pestaña - Google Chrome|2016-07-20|09:43:27|2016-07-20|09:43:32|0:00:05|Google Chrome|Applications|0|24
Nueva pestaña - Google Chrome|2016-07-20|09:43:32|2016-07-20|09:43:37|0:00:05|Google Chrome|Applications|0|24
Nueva pestaña - Google Chrome|2016-07-20|09:43:37|2016-07-20|09:43:52|0:00:15|Google Chrome|Applications|0|24
http://localhost:8080/AdmProyectos|2016-07-20|09:42:53|2016-07-20|09:43:02|0:00:09|localhost|Documents|1|24
http://go.microsoft.com/fwlink/?LinkId=299201|2016-07-20|09:43:09|2016-07-20|09:43:14|0:00:05|go.microsoft.com|Documents|0|24
http://localhost:8080/AdmProyectos/|2016-07-20|09:43:20|2016-07-20|09:43:27|0:00:07|localhost|Documents|1|24
http://localhost:8080/AdmProyectos/L|2016-07-20|09:43:27|2016-07-20|09:43:32|0:00:05|localhost|Documents|1|24
http://localhost:8080/AdmProyectos/LoginServe|2016-07-20|09:43:32|2016-07-20|09:43:37|0:00:05|localhost|Documents|1|24
http://localhost:8080/AdmProyectos/LoginServlet|2016-07-20|09:43:37|2016-07-20|09:43:52|0:00:15|localhost|Documents|1|24
Nueva pestaña - Google Chrome|2016-07-20|09:43:52|2016-07-20|09:43:57|0:00:05|Google Chrome|Applications|0|24
Nueva pestaña - Google Chrome|2016-07-20|09:43:57|2016-07-20|09:44:03|0:00:06|Google Chrome|Applications|0|24
Nueva pestaña - Google Chrome|2016-07-20|09:44:03|2016-07-20|09:44:08|0:00:05|Google Chrome|Applications|0|24
Nueva pestaña - Google Chrome|2016-07-20|09:44:08|2016-07-20|09:44:13|0:00:05|Google Chrome|Applications|0|24
GlassFish Server Open Source Edition 4.1.1 - Error report - Google Chrome|2016-07-20|09:44:13|2016-07-20|09:44:31|0:00:18|Google Chrome|Applications|1|24
GlassFish Server Open Source Edition 4.1.1 - Error report - Google Chrome|2016-07-20|09:44:31|2016-07-20|09:44:38|0:00:07|Google Chrome|Applications|1|24
Internet Explorer|2016-07-20|09:44:38|2016-07-20|09:44:44|0:00:06|Internet Explorer|Applications|0|24
Administrador de Proyectos - Internet Explorer|2016-07-20|09:44:44|2016-07-20|09:44:49|0:00:05|Internet Explorer|Applications|0|24
Administrador de Proyectos - Internet Explorer|2016-07-20|09:44:49|2016-07-20|09:44:54|0:00:05|Internet Explorer|Applications|0|24
http://localhost:8080/AdmProyectos/LoginServlet?|2016-07-20|09:43:52|2016-07-20|09:43:57|0:00:05|localhost|Documents|1|24
http://localhost:8080/AdmProyectos/LoginServlet?usuario=|2016-07-20|09:43:57|2016-07-20|09:44:03|0:00:06|localhost|Documents|1|24
http://localhost:8080/AdmProyectos/LoginServlet?usuario=pepito|2016-07-20|09:44:03|2016-07-20|09:44:08|0:00:05|localhost|Documents|1|24
http://localhost:8080/AdmProyectos/LoginServlet?usuario=pepito&passwo|2016-07-20|09:44:08|2016-07-20|09:44:13|0:00:05|localhost|Documents|1|24
http://localhost:8080/AdmProyectos/LoginServlet?usuario=pepito&password=12|2016-07-20|09:44:13|2016-07-20|09:44:31|0:00:18|localhost|Documents|1|24
http://localhost:8080/AdmProyectos/LoginServlet?usuario=pepito&password=12|2016-07-20|09:44:31|2016-07-20|09:44:38|0:00:07|localhost|Documents|1|24
http://localhost:8080/AdmProyectos/|2016-07-20|09:44:44|2016-07-20|09:44:49|0:00:05|localhost|Documents|1|24
http://localhost:8080/AdmProyectos/Login|2016-07-20|09:44:49|2016-07-20|09:44:54|0:00:05|localhost|Documents|1|24
Administrador de Proyectos - Internet Explorer|2016-07-20|09:44:54|2016-07-20|09:44:59|0:00:05|Internet Explorer|Applications|0|24
Administrador de Proyectos - Internet Explorer|2016-07-20|09:44:59|2016-07-20|09:45:04|0:00:05|Internet Explorer|Applications|0|24
Administrador de Proyectos - Internet Explorer|2016-07-20|09:45:04|2016-07-20|09:45:09|0:00:05|Internet Explorer|Applications|0|24
Administrador de Proyectos - Internet Explorer|2016-07-20|09:45:09|2016-07-20|09:45:14|0:00:05|Internet Explorer|Applications|0|24
GlassFish Server Open Source Edition 4.1.1 - Error report - Internet Explorer|2016-07-20|09:45:14|2016-07-20|09:45:29|0:00:15|Internet Explorer|Applications|1|24
AdmProyectos - NetBeans IDE 8.1|2016-07-20|09:45:29|2016-07-20|09:45:41|0:00:12|NetBeans IDE 8.1|Applications|1|24
GlassFish Server Open Source Edition 4.1.1 - Error report - Internet Explorer|2016-07-20|09:45:41|2016-07-20|09:46:07|0:00:26|Internet Explorer|Applications|1|24
http://localhost:8080/AdmProyectos/LoginServ|2016-07-20|09:44:54|2016-07-20|09:44:59|0:00:05|localhost|Documents|1|24
http://localhost:8080/AdmProyectos/LoginServelet|2016-07-20|09:44:59|2016-07-20|09:45:04|0:00:05|localhost|Documents|1|24
http://localhost:8080/AdmProyectos/LoginServelet?usuario=|2016-07-20|09:45:04|2016-07-20|09:45:09|0:00:05|localhost|Documents|1|24
http://localhost:8080/AdmProyectos/LoginServelet?usuario=pepitp|2016-07-20|09:45:09|2016-07-20|09:45:14|0:00:05|localhost|Documents|1|24
http://localhost:8080/AdmProyectos/LoginServelet?usuario=pepitp&password=234|2016-07-20|09:45:14|2016-07-20|09:45:29|0:00:15|localhost|Documents|1|24
http://localhost:8080/AdmProyectos/LoginServelet?usuario=pepitp&password=234|2016-07-20|09:45:41|2016-07-20|09:46:07|0:00:26|localhost|Documents|1|24
GlassFish Server Open Source Edition 4.1.1 - Error report - Internet Explorer|2016-07-20|09:46:07|2016-07-20|09:46:31|0:00:24|Internet Explorer|Applications|1|24
AdmProyectos - NetBeans IDE 8.1|2016-07-20|09:46:31|2016-07-20|09:46:42|0:00:11|NetBeans IDE 8.1|Applications|1|24
GlassFish Server Open Source Edition 4.1.1 - Error report - Internet Explorer|2016-07-20|09:46:42|2016-07-20|09:46:53|0:00:11|Internet Explorer|Applications|1|24
http://localhost:8080/AdmProyectos/LoginServelt?usuario=pepitp&password=234|2016-07-20|09:46:07|2016-07-20|09:46:31|0:00:24|localhost|Documents|1|24
http://localhost:8080/AdmProyectos/LoginServelt?usuario=pepitp&password=234|2016-07-20|09:46:42|2016-07-20|09:46:53|0:00:11|localhost|Documents|1|24
Microsoft Visual Studio|2016-07-20|09:46:53|2016-07-20|09:47:00|0:00:07|Microsoft® Visual Studio® 2015|Applications|0|24
GlassFish Server Open Source Edition 4.1.1 - Error report - Internet Explorer|2016-07-20|09:47:00|2016-07-20|09:47:06|0:00:06|Internet Explorer|Applications|1|24
GlassFish Server Open Source Edition 4.1.1 - Error report - Google Chrome|2016-07-20|09:47:06|2016-07-20|09:47:15|0:00:09|Google Chrome|Applications|1|24
GlassFish Server Open Source Edition 4.1.1 - Error report - Google Chrome|2016-07-20|09:47:15|2016-07-20|09:47:25|0:00:10|Google Chrome|Applications|1|24
localhost:8080/AdmProyectos/LoginServelt?usuario=pepito&password=12 - Google Chrome|2016-07-20|09:47:25|2016-07-20|09:47:40|0:00:15|Google Chrome|Applications|1|24
MINGW64:/c/Users/estudiante.2016/Downloads/AdmProyectos|2016-07-20|09:47:40|2016-07-20|09:48:08|0:00:28|mintty|Applications|1|24
http://localhost:8080/AdmProyectos/LoginServelt?usuario=pepitp&password=234|2016-07-20|09:47:00|2016-07-20|09:47:06|0:00:06|localhost|Documents|1|24
http://localhost:8080/AdmProyectos/LoginServlet?usuario=pepito&password=12|2016-07-20|09:47:06|2016-07-20|09:47:15|0:00:09|localhost|Documents|1|24
http://localhost:8080/AdmProyectos/LoginServlt?usuario=pepito&password=12|2016-07-20|09:47:15|2016-07-20|09:47:25|0:00:10|localhost|Documents|1|24
http://localhost:8080/AdmProyectos/LoginServelt?usuario=pepito&password=12|2016-07-20|09:47:25|2016-07-20|09:47:40|0:00:15|localhost|Documents|1|24
Menú Inicio|2016-07-20|09:48:08|2016-07-20|09:48:13|0:00:05|Sistema operativo Microsoft® Windows®|Applications|0|24
Reloj, idioma y región|2016-07-20|09:48:13|2016-07-20|09:48:32|0:00:19|Sistema operativo Microsoft® Windows®|Applications|0|24
Configuración regional y de idioma|2016-07-20|09:48:32|2016-07-20|09:49:12|0:00:40|Sistema operativo Microsoft® Windows®|Applications|0|24
Reloj, idioma y región|2016-07-20|09:49:12|2016-07-20|09:49:28|0:00:16|Sistema operativo Microsoft® Windows®|Applications|0|24
AdmProyectos - NetBeans IDE 8.1|2016-07-20|09:49:28|2016-07-20|09:50:37|0:01:09|NetBeans IDE 8.1|Applications|1|24
MINGW64:/c/Users/estudiante.2016/Downloads/AdmProyectos|2016-07-20|09:50:37|2016-07-20|09:50:53|0:00:16|mintty|Applications|1|24
localhost:8080/AdmProyectos/LoginServelt?usuario=pepito&password=12 - Google Chrome|2016-07-20|09:50:53|2016-07-20|09:51:00|0:00:07|Google Chrome|Applications|1|24
MINGW64:/c/Users/estudiante.2016/Downloads/AdmProyectos|2016-07-20|09:51:00|2016-07-20|09:51:23|0:00:23|mintty|Applications|1|24
Conmutación de tareas|2016-07-20|09:51:23|2016-07-20|09:51:28|0:00:05|Sistema operativo Microsoft® Windows®|Applications|0|24
MINGW64:/c/Users/estudiante.2016/Downloads/AdmProyectos|2016-07-20|09:51:28|2016-07-20|09:51:56|0:00:28|mintty|Applications|1|24
http://localhost:8080/AdmProyectos/LoginServelt?usuario=pepito&password=12|2016-07-20|09:50:53|2016-07-20|09:51:00|0:00:07|localhost|Documents|1|24
Collaborators - Google Chrome|2016-07-20|09:51:56|2016-07-20|09:52:49|0:00:53|Google Chrome|Applications|0|24
Practica Servlets: DESARROLLO DE APLICACIONES WEB - Google Chrome|2016-07-20|09:52:49|2016-07-20|09:52:55|0:00:06|Google Chrome|Applications|0|24
https://github.com/brajchit/java_web/settings/collaboration|2016-07-20|09:51:56|2016-07-20|09:52:49|0:00:53|github.com|Documents|1|24
https://www.sidweb.espol.edu.ec/courses/32682/assignments/115782|2016-07-20|09:52:49|2016-07-20|09:52:55|0:00:06|www.sidweb.espol.edu.ec|Documents|0|24
Lista del curso: DESARROLLO DE APLICACIONES WEB - Google Chrome|2016-07-20|09:52:55|2016-07-20|09:53:21|0:00:26|Google Chrome|Applications|0|24
Edgar Fernando Carvajal Ulloa: DESARROLLO DE APLICACIONES WEB - Google Chrome|2016-07-20|09:53:21|2016-07-20|09:53:35|0:00:14|Google Chrome|Applications|0|24
Conmutación de tareas|2016-07-20|09:53:35|2016-07-20|09:53:41|0:00:06|Sistema operativo Microsoft® Windows®|Applications|0|24
Collaborators - Google Chrome|2016-07-20|09:53:41|2016-07-20|09:53:51|0:00:10|Google Chrome|Applications|0|24
Notifications - Google Chrome|2016-07-20|09:53:51|2016-07-20|09:53:59|0:00:08|Google Chrome|Applications|0|24
https://www.sidweb.espol.edu.ec/courses/32682/users|2016-07-20|09:52:55|2016-07-20|09:53:21|0:00:26|www.sidweb.espol.edu.ec|Documents|0|24
https://www.sidweb.espol.edu.ec/courses/32682/users/38147|2016-07-20|09:53:21|2016-07-20|09:53:35|0:00:14|www.sidweb.espol.edu.ec|Documents|0|24
https://github.com/brajchit/java_web/settings/collaboration|2016-07-20|09:53:41|2016-07-20|09:53:51|0:00:10|github.com|Documents|1|24
https://github.com/notifications|2016-07-20|09:53:51|2016-07-20|09:53:59|0:00:08|github.com|Documents|1|24
Conmutación de tareas|2016-07-20|09:53:59|2016-07-20|09:54:12|0:00:13|Sistema operativo Microsoft® Windows®|Applications|0|24
Lista del curso: DESARROLLO DE APLICACIONES WEB - Google Chrome|2016-07-20|09:54:12|2016-07-20|09:54:31|0:00:19|Google Chrome|Applications|0|24
Conversaciones: Branny Jamil Chito Chalan - Google Chrome|2016-07-20|09:54:31|2016-07-20|09:54:45|0:00:14|Google Chrome|Applications|0|24
Conversaciones: Branny Jamil Chito Chalan - Google Chrome|2016-07-20|09:54:45|2016-07-20|09:54:58|0:00:13|Google Chrome|Applications|0|24
https://www.sidweb.espol.edu.ec/courses/32682/users|2016-07-20|09:54:12|2016-07-20|09:54:31|0:00:19|www.sidweb.espol.edu.ec|Documents|0|24
https://www.sidweb.espol.edu.ec/conversations#/conversations?user_id=44349|2016-07-20|09:54:31|2016-07-20|09:54:45|0:00:14|www.sidweb.espol.edu.ec|Documents|0|24
https://www.sidweb.espol.edu.ec/conversations#/conversations/222412|2016-07-20|09:54:45|2016-07-20|09:54:58|0:00:13|www.sidweb.espol.edu.ec|Documents|0|24
shortcuts-80.pdf - Google Chrome|2016-07-20|09:54:58|2016-07-20|09:55:20|0:00:22|Google Chrome|Applications|0|24
AdmProyectos - NetBeans IDE 8.1|2016-07-20|09:55:20|2016-07-20|09:56:13|0:00:53|NetBeans IDE 8.1|Applications|1|24
https://netbeans.org/project_downloads/usersguide/shortcuts-80.pdf|2016-07-20|09:54:58|2016-07-20|09:55:20|0:00:22|netbeans.org|Documents|1|24
Propiedades de la barra de tareas y del menú Inicio|2016-07-20|09:56:13|2016-07-20|09:56:19|0:00:06|Sistema operativo Microsoft® Windows®|Applications|0|24
MINGW64:/c/Users/estudiante.2016/Downloads/AdmProyectos|2016-07-20|09:56:19|2016-07-20|09:56:44|0:00:25|mintty|Applications|1|24
Notifications - Google Chrome|2016-07-20|09:56:44|2016-07-20|09:56:52|0:00:08|Google Chrome|Applications|0|24
https://github.com/notifications|2016-07-20|09:56:44|2016-07-20|09:56:52|0:00:08|github.com|Documents|1|24
Conversaciones: Branny Jamil Chito Chalan - Google Chrome|2016-07-20|09:56:52|2016-07-20|09:57:05|0:00:13|Google Chrome|Applications|0|24
shortcuts-80.pdf - Google Chrome|2016-07-20|09:57:05|2016-07-20|09:57:44|0:00:39|Google Chrome|Applications|0|24
AdmProyectos - NetBeans IDE 8.1|2016-07-20|09:57:44|2016-07-20|10:01:58|0:04:14|NetBeans IDE 8.1|Applications|1|24
https://www.sidweb.espol.edu.ec/conversations#/conversations/222412|2016-07-20|09:56:52|2016-07-20|09:57:05|0:00:13|www.sidweb.espol.edu.ec|Documents|0|24
https://netbeans.org/project_downloads/usersguide/shortcuts-80.pdf|2016-07-20|09:57:05|2016-07-20|09:57:44|0:00:39|netbeans.org|Documents|1|24
localhost:8080/AdmProyectos/LoginServelt?usuario=pepito&password=12 - Google Chrome|2016-07-20|10:01:58|2016-07-20|10:02:09|0:00:11|Google Chrome|Applications|1|24
Administrador de Proyectos - Google Chrome|2016-07-20|10:02:09|2016-07-20|10:02:19|0:00:10|Google Chrome|Applications|0|24
Administrador de Proyectos - Google Chrome|2016-07-20|10:02:19|2016-07-20|10:02:34|0:00:15|Google Chrome|Applications|0|24
AdmProyectos - NetBeans IDE 8.1|2016-07-20|10:02:34|2016-07-20|10:03:21|0:00:47|NetBeans IDE 8.1|Applications|1|24
http://localhost:8080/AdmProyectos/LoginServelt?usuario=pepito&password=12|2016-07-20|10:01:58|2016-07-20|10:02:09|0:00:11|localhost|Documents|1|24
http://localhost:8080/AdmProyectos/|2016-07-20|10:02:09|2016-07-20|10:02:19|0:00:10|localhost|Documents|1|24
http://localhost:8080/AdmProyectos/?usuario=&password=|2016-07-20|10:02:19|2016-07-20|10:02:34|0:00:15|localhost|Documents|1|24
Nueva pestaña - Google Chrome|2016-07-20|10:03:21|2016-07-20|10:03:29|0:00:08|Google Chrome|Applications|0|24
Google - Google Chrome|2016-07-20|10:03:29|2016-07-20|10:03:34|0:00:05|Google Chrome|Applications|0|24
jQuery - Google Chrome|2016-07-20|10:03:34|2016-07-20|10:04:03|0:00:29|Google Chrome|Applications|0|24
https://www.google.co.uk/?gws_rd=ssl|2016-07-20|10:03:29|2016-07-20|10:03:34|0:00:05|www.google.co.uk|Documents|0|24
https://jquery.com/|2016-07-20|10:03:34|2016-07-20|10:04:03|0:00:29|jquery.com|Documents|0|24
AdmProyectos - NetBeans IDE 8.1|2016-07-20|10:04:03|2016-07-20|10:07:00|0:02:57|NetBeans IDE 8.1|Applications|1|24
Administrador de Proyectos - Google Chrome|2016-07-20|10:07:00|2016-07-20|10:07:14|0:00:14|Google Chrome|Applications|0|24
Administrador de Proyectos - Google Chrome|2016-07-20|10:07:14|2016-07-20|10:07:20|0:00:06|Google Chrome|Applications|0|24
Administrador de Proyectos - Google Chrome|2016-07-20|10:07:20|2016-07-20|10:07:46|0:00:26|Google Chrome|Applications|0|24
AdmProyectos - NetBeans IDE 8.1|2016-07-20|10:07:46|2016-07-20|10:08:00|0:00:14|NetBeans IDE 8.1|Applications|1|24
http://localhost:8080/AdmProyectos/?usuario=&password=|2016-07-20|10:07:00|2016-07-20|10:07:14|0:00:14|localhost|Documents|1|24
http://localhost:8080/AdmProyectos/?usuario=&p|2016-07-20|10:07:14|2016-07-20|10:07:20|0:00:06|localhost|Documents|1|24
http://localhost:8080/AdmProyectos/|2016-07-20|10:07:20|2016-07-20|10:07:46|0:00:26|localhost|Documents|1|24
Administrador de Proyectos - Google Chrome|2016-07-20|10:08:00|2016-07-20|10:08:05|0:00:05|Google Chrome|Applications|0|24
AdmProyectos - NetBeans IDE 8.1|2016-07-20|10:08:05|2016-07-20|10:08:18|0:00:13|NetBeans IDE 8.1|Applications|1|24
Administrador de Proyectos - Google Chrome|2016-07-20|10:08:18|2016-07-20|10:08:33|0:00:15|Google Chrome|Applications|0|24
Administrador de Proyectos - Google Chrome|2016-07-20|10:08:33|2016-07-20|10:08:44|0:00:11|Google Chrome|Applications|0|24
Developer Tools - http://localhost:8080/AdmProyectos/?usuario=user&password=234|2016-07-20|10:08:44|2016-07-20|10:09:20|0:00:36|Google Chrome|Applications|1|24
http://localhost:8080/AdmProyectos/|2016-07-20|10:08:00|2016-07-20|10:08:05|0:00:05|localhost|Documents|1|24
http://localhost:8080/AdmProyectos/|2016-07-20|10:08:18|2016-07-20|10:08:33|0:00:15|localhost|Documents|1|24
http://localhost:8080/AdmProyectos/?usuario=user&password=234|2016-07-20|10:08:33|2016-07-20|10:08:44|0:00:11|localhost|Documents|1|24
chrome-devtools://devtools/bundled/inspector.html?&remoteBase=https://chrome-devtools-frontend.appspot.com/serve_file/@aa7c8d23c098e96a388ffedf6698230bda650bb3/&can_dock=true&dockSide=undocked|2016-07-20|10:08:44|2016-07-20|10:09:20|0:00:36|devtools|Documents|0|24
Developer Tools - http://localhost:8080/AdmProyectos/?usuario=asdfa&password=1234|2016-07-20|10:09:20|2016-07-20|10:09:28|0:00:08|Google Chrome|Applications|1|24
Administrador de Proyectos - Google Chrome|2016-07-20|10:09:28|2016-07-20|10:09:34|0:00:06|Google Chrome|Applications|0|24
AdmProyectos - NetBeans IDE 8.1|2016-07-20|10:09:34|2016-07-20|10:09:45|0:00:11|NetBeans IDE 8.1|Applications|1|24
Administrador de Proyectos - Internet Explorer|2016-07-20|10:09:45|2016-07-20|10:09:52|0:00:07|Internet Explorer|Applications|0|24
chrome-devtools://devtools/bundled/inspector.html?&remoteBase=https://chrome-devtools-frontend.appspot.com/serve_file/@aa7c8d23c098e96a388ffedf6698230bda650bb3/&can_dock=true&dockSide=undocked|2016-07-20|10:09:20|2016-07-20|10:09:28|0:00:08|devtools|Documents|0|24
http://localhost:8080/AdmProyectos/?usuario=asdfa&password=1234|2016-07-20|10:09:28|2016-07-20|10:09:34|0:00:06|localhost|Documents|1|24
http://localhost:8080/AdmProyectos/|2016-07-20|10:09:45|2016-07-20|10:09:52|0:00:07|localhost|Documents|1|24
Administrador de Proyectos - Google Chrome|2016-07-20|10:09:52|2016-07-20|10:10:00|0:00:08|Google Chrome|Applications|0|24
Administrador de Proyectos - Google Chrome|2016-07-20|10:10:00|2016-07-20|10:10:10|0:00:10|Google Chrome|Applications|0|24
Administrador de Proyectos - Google Chrome|2016-07-20|10:10:10|2016-07-20|10:10:15|0:00:05|Google Chrome|Applications|0|24
AdmProyectos - NetBeans IDE 8.1|2016-07-20|10:10:15|2016-07-20|10:10:38|0:00:23|NetBeans IDE 8.1|Applications|1|24
Administrador de Proyectos - Google Chrome|2016-07-20|10:10:38|2016-07-20|10:10:52|0:00:14|Google Chrome|Applications|0|24
AdmProyectos - NetBeans IDE 8.1|2016-07-20|10:10:52|2016-07-20|10:11:08|0:00:16|NetBeans IDE 8.1|Applications|1|24
http://localhost:8080/AdmProyectos/?usuario=asdfa&password=1234|2016-07-20|10:09:52|2016-07-20|10:10:00|0:00:08|localhost|Documents|1|24
http://localhost:8080/AdmProyectos/|2016-07-20|10:10:00|2016-07-20|10:10:10|0:00:10|localhost|Documents|1|24
http://localhost:8080/AdmProyectos/?usuario=asdf&password=123|2016-07-20|10:10:10|2016-07-20|10:10:15|0:00:05|localhost|Documents|1|24
http://localhost:8080/AdmProyectos/?usuario=asdf&password=123|2016-07-20|10:10:38|2016-07-20|10:10:52|0:00:14|localhost|Documents|1|24
Administrador de Proyectos - Internet Explorer|2016-07-20|10:11:08|2016-07-20|10:11:13|0:00:05|Internet Explorer|Applications|0|24
Administrador de Proyectos - Google Chrome|2016-07-20|10:11:13|2016-07-20|10:11:20|0:00:07|Google Chrome|Applications|0|24
Administrador de Proyectos - Google Chrome|2016-07-20|10:11:20|2016-07-20|10:11:28|0:00:08|Google Chrome|Applications|0|24
AdmProyectos - NetBeans IDE 8.1|2016-07-20|10:11:28|2016-07-20|10:11:40|0:00:12|NetBeans IDE 8.1|Applications|1|24
Administrador de Proyectos - Google Chrome|2016-07-20|10:11:40|2016-07-20|10:11:46|0:00:06|Google Chrome|Applications|0|24
AdmProyectos - NetBeans IDE 8.1|2016-07-20|10:11:46|2016-07-20|10:12:03|0:00:17|NetBeans IDE 8.1|Applications|1|24
http://localhost:8080/AdmProyectos/|2016-07-20|10:11:08|2016-07-20|10:11:13|0:00:05|localhost|Documents|1|24
http://localhost:8080/AdmProyectos/?usuario=asdf&password=123|2016-07-20|10:11:13|2016-07-20|10:11:20|0:00:07|localhost|Documents|1|24
http://localhost:8080/AdmProyectos/|2016-07-20|10:11:20|2016-07-20|10:11:28|0:00:08|localhost|Documents|1|24
http://localhost:8080/AdmProyectos/|2016-07-20|10:11:40|2016-07-20|10:11:46|0:00:06|localhost|Documents|1|24
Administrador de Proyectos - Google Chrome|2016-07-20|10:12:03|2016-07-20|10:12:28|0:00:25|Google Chrome|Applications|0|24
Sistema operativo Microsoft® Windows®|2016-07-20|10:12:28|2016-07-20|10:12:34|0:00:06|Sistema operativo Microsoft® Windows®|Applications|0|24
Administrador de Proyectos - Google Chrome|2016-07-20|10:12:34|2016-07-20|10:13:20|0:00:46|Google Chrome|Applications|0|24
http://localhost:8080/AdmProyectos/|2016-07-20|10:12:03|2016-07-20|10:12:28|0:00:25|localhost|Documents|1|24
http://localhost:8080/AdmProyectos/|2016-07-20|10:12:34|2016-07-20|10:13:20|0:00:46|localhost|Documents|1|24
AdmProyectos - NetBeans IDE 8.1|2016-07-20|10:13:20|2016-07-20|10:14:31|0:01:11|NetBeans IDE 8.1|Applications|1|24
jQuery - Google Chrome|2016-07-20|10:14:31|2016-07-20|10:14:36|0:00:05|Google Chrome|Applications|0|24
jQuery API Documentation - Google Chrome|2016-07-20|10:14:36|2016-07-20|10:14:42|0:00:06|Google Chrome|Applications|0|24
https://jquery.com/|2016-07-20|10:14:31|2016-07-20|10:14:36|0:00:05|jquery.com|Documents|0|24
http://api.jquery.com/|2016-07-20|10:14:36|2016-07-20|10:14:42|0:00:06|api.jquery.com|Documents|0|24
http://api.jquery.com/category/ajax/global-ajax-event-handlers/|2016-07-20|10:14:42|2016-07-20|10:14:50|0:00:08|api.jquery.com|Documents|0|24
http://api.jquery.com/category/ajax/low-level-interface/|2016-07-20|10:14:50|2016-07-20|10:15:11|0:00:21|api.jquery.com|Documents|0|24
http://api.jquery.com/jQuery.ajax/|2016-07-20|10:15:11|2016-07-20|10:17:02|0:01:51|api.jquery.com|Documents|0|24
AdmProyectos - NetBeans IDE 8.1|2016-07-20|10:17:02|2016-07-20|10:17:16|0:00:14|NetBeans IDE 8.1|Applications|1|24
AdmProyectos - NetBeans IDE 8.1|2016-07-20|10:17:32|2016-07-20|10:18:42|0:01:10|NetBeans IDE 8.1|Applications|1|24
http://api.jquery.com/jQuery.ajax/|2016-07-20|10:17:16|2016-07-20|10:17:32|0:00:16|api.jquery.com|Documents|0|24
Google - Google Chrome|2016-07-20|10:18:42|2016-07-20|10:18:53|0:00:11|Google Chrome|Applications|0|24
https://www.google.co.uk/?gws_rd=ssl|2016-07-20|10:18:42|2016-07-20|10:18:53|0:00:11|www.google.co.uk|Documents|0|24
javascript - How can I make a page redirect using jQuery? - Stack Overflow - Google Chrome|2016-07-20|10:18:53|2016-07-20|10:19:25|0:00:32|Google Chrome|Applications|0|24
AdmProyectos - NetBeans IDE 8.1|2016-07-20|10:19:25|2016-07-20|10:20:08|0:00:43|NetBeans IDE 8.1|Applications|1|24
http://stackoverflow.com/questions/503093/how-can-i-make-a-page-redirect-using-jquery|2016-07-20|10:18:53|2016-07-20|10:19:25|0:00:32|stackoverflow.com|Documents|1|24
javascript - How can I make a page redirect using jQuery? - Stack Overflow - Google Chrome|2016-07-20|10:20:08|2016-07-20|10:20:19|0:00:11|Google Chrome|Applications|0|24
Administrador de Proyectos - Google Chrome|2016-07-20|10:20:19|2016-07-20|10:20:31|0:00:12|Google Chrome|Applications|0|24
GlassFish Server Open Source Edition 4.1.1 - Error report - Google Chrome|2016-07-20|10:20:31|2016-07-20|10:20:38|0:00:07|Google Chrome|Applications|1|24
AdmProyectos - NetBeans IDE 8.1|2016-07-20|10:20:38|2016-07-20|10:20:48|0:00:10|NetBeans IDE 8.1|Applications|1|24
GlassFish Server Open Source Edition 4.1.1 - Error report - Google Chrome|2016-07-20|10:20:48|2016-07-20|10:20:53|0:00:05|Google Chrome|Applications|1|24
http://stackoverflow.com/questions/503093/how-can-i-make-a-page-redirect-using-jquery|2016-07-20|10:20:08|2016-07-20|10:20:19|0:00:11|stackoverflow.com|Documents|1|24
http://localhost:8080/AdmProyectos/|2016-07-20|10:20:19|2016-07-20|10:20:31|0:00:12|localhost|Documents|1|24
http://localhost:8080/AdmProyectos/home|2016-07-20|10:20:31|2016-07-20|10:20:38|0:00:07|localhost|Documents|1|24
http://localhost:8080/AdmProyectos/home.html|2016-07-20|10:20:48|2016-07-20|10:20:53|0:00:05|localhost|Documents|1|24
Administrador de Proyectos - Google Chrome|2016-07-20|10:20:53|2016-07-20|10:21:05|0:00:12|Google Chrome|Applications|0|24
AdmProyectos - NetBeans IDE 8.1|2016-07-20|10:21:05|2016-07-20|10:21:15|0:00:10|NetBeans IDE 8.1|Applications|1|24
Administrador de Proyectos - Google Chrome|2016-07-20|10:21:15|2016-07-20|10:21:21|0:00:06|Google Chrome|Applications|0|24
shortcuts-80.pdf - Google Chrome|2016-07-20|10:21:21|2016-07-20|10:21:28|0:00:07|Google Chrome|Applications|0|24
javascript - How can I make a page redirect using jQuery? - Stack Overflow - Google Chrome|2016-07-20|10:21:28|2016-07-20|10:22:00|0:00:32|Google Chrome|Applications|0|24
http://localhost:8080/AdmProyectos/home.jsp|2016-07-20|10:20:53|2016-07-20|10:21:05|0:00:12|localhost|Documents|1|24
http://localhost:8080/AdmProyectos/home.jsp|2016-07-20|10:21:15|2016-07-20|10:21:21|0:00:06|localhost|Documents|1|24
https://netbeans.org/project_downloads/usersguide/shortcuts-80.pdf|2016-07-20|10:21:21|2016-07-20|10:21:28|0:00:07|netbeans.org|Documents|1|24
http://stackoverflow.com/questions/503093/how-can-i-make-a-page-redirect-using-jquery|2016-07-20|10:21:28|2016-07-20|10:22:00|0:00:32|stackoverflow.com|Documents|1|24
AdmProyectos - NetBeans IDE 8.1|2016-07-20|10:22:00|2016-07-20|10:23:24|0:01:24|NetBeans IDE 8.1|Applications|1|24
Administrador de Proyectos - Google Chrome|2016-07-20|10:23:24|2016-07-20|10:23:36|0:00:12|Google Chrome|Applications|0|24
AdmProyectos - NetBeans IDE 8.1|2016-07-20|10:23:36|2016-07-20|10:24:05|0:00:29|NetBeans IDE 8.1|Applications|1|24
http://localhost:8080/AdmProyectos/home.jsp|2016-07-20|10:23:24|2016-07-20|10:23:36|0:00:12|localhost|Documents|1|24
Administrador de Proyectos - Google Chrome|2016-07-20|10:24:05|2016-07-20|10:24:17|0:00:12|Google Chrome|Applications|0|24
Administrador de Proyectos - Google Chrome|2016-07-20|10:24:17|2016-07-20|10:24:23|0:00:06|Google Chrome|Applications|0|24
GlassFish Server Open Source Edition 4.1.1 - Error report - Google Chrome|2016-07-20|10:24:23|2016-07-20|10:24:30|0:00:07|Google Chrome|Applications|1|24
GlassFish Server Open Source Edition 4.1.1 - Error report - Google Chrome|2016-07-20|10:24:30|2016-07-20|10:24:35|0:00:05|Google Chrome|Applications|1|24
GlassFish Server Open Source Edition 4.1.1 - Error report - Google Chrome|2016-07-20|10:24:35|2016-07-20|10:24:40|0:00:05|Google Chrome|Applications|1|24
GlassFish Server Open Source Edition 4.1.1 - Error report - Google Chrome|2016-07-20|10:24:40|2016-07-20|10:24:49|0:00:09|Google Chrome|Applications|1|24
AdmProyectos - NetBeans IDE 8.1|2016-07-20|10:24:49|2016-07-20|10:24:55|0:00:06|NetBeans IDE 8.1|Applications|1|24
http://localhost:8080/AdmProyectos/home.jsp|2016-07-20|10:24:05|2016-07-20|10:24:17|0:00:12|localhost|Documents|1|24
http://localhost:8080/AdmProyectos/Log|2016-07-20|10:24:17|2016-07-20|10:24:23|0:00:06|localhost|Documents|1|24
http://localhost:8080/AdmProyectos/LoginServelt|2016-07-20|10:24:23|2016-07-20|10:24:30|0:00:07|localhost|Documents|1|24
http://localhost:8080/AdmProyectos/LoginServelt.|2016-07-20|10:24:30|2016-07-20|10:24:35|0:00:05|localhost|Documents|1|24
http://localhost:8080/AdmProyectos/LoginServelt.j|2016-07-20|10:24:35|2016-07-20|10:24:40|0:00:05|localhost|Documents|1|24
http://localhost:8080/AdmProyectos/LoginServelt|2016-07-20|10:24:40|2016-07-20|10:24:49|0:00:09|localhost|Documents|1|24
Administrador de Proyectos - Internet Explorer|2016-07-20|10:24:55|2016-07-20|10:25:22|0:00:27|Internet Explorer|Applications|0|24
Administrador de Proyectos - Internet Explorer|2016-07-20|10:25:22|2016-07-20|10:25:27|0:00:05|Internet Explorer|Applications|0|24
AdmProyectos - NetBeans IDE 8.1|2016-07-20|10:25:27|2016-07-20|10:26:31|0:01:04|NetBeans IDE 8.1|Applications|1|24
http://localhost:8080/AdmProyectos/|2016-07-20|10:24:55|2016-07-20|10:25:22|0:00:27|localhost|Documents|1|24
http://localhost:8080/AdmProyectos/home.jsp|2016-07-20|10:25:22|2016-07-20|10:25:27|0:00:05|localhost|Documents|1|24
GlassFish Server Open Source Edition 4.1.1 - Error report - Google Chrome|2016-07-20|10:26:31|2016-07-20|10:26:43|0:00:12|Google Chrome|Applications|1|24
Administrador de Proyectos - Google Chrome|2016-07-20|10:26:43|2016-07-20|10:27:03|0:00:20|Google Chrome|Applications|0|24
http://localhost:8080/AdmProyectos/LoginServelt|2016-07-20|10:26:31|2016-07-20|10:26:43|0:00:12|localhost|Documents|1|24
http://localhost:8080/AdmProyectos/|2016-07-20|10:26:43|2016-07-20|10:27:03|0:00:20|localhost|Documents|1|24
Administrador de Proyectos - Google Chrome|2016-07-20|10:27:03|2016-07-20|10:28:59|0:01:56|Google Chrome|Applications|0|24
http://localhost:8080/AdmProyectos/home.jsp|2016-07-20|10:27:03|2016-07-20|10:28:59|0:01:56|localhost|Documents|1|24
Conversaciones: Branny Jamil Chito Chalan - Google Chrome|2016-07-20|10:28:59|2016-07-20|10:29:04|0:00:05|Google Chrome|Applications|0|24
Google - Google Chrome|2016-07-20|10:29:04|2016-07-20|10:29:17|0:00:13|Google Chrome|Applications|0|24
dataTale - Home - Thunderbolt RAID Storage System - Google Chrome|2016-07-20|10:29:17|2016-07-20|10:29:26|0:00:09|Google Chrome|Applications|0|24
dataTale - Home - Thunderbolt RAID Storage System - Google Chrome|2016-07-20|10:29:26|2016-07-20|10:29:33|0:00:07|Google Chrome|Applications|0|24
DataTables examples - Examples index - Google Chrome|2016-07-20|10:29:33|2016-07-20|10:29:40|0:00:07|Google Chrome|Applications|0|24
https://www.sidweb.espol.edu.ec/conversations#/conversations/222412|2016-07-20|10:28:59|2016-07-20|10:29:04|0:00:05|www.sidweb.espol.edu.ec|Documents|0|24
https://www.google.co.uk/?gws_rd=ssl|2016-07-20|10:29:04|2016-07-20|10:29:17|0:00:13|www.google.co.uk|Documents|0|24
http://www.datawatchtech.com/|2016-07-20|10:29:17|2016-07-20|10:29:26|0:00:09|www.datawatchtech.com|Documents|0|24
http://datawatchtech.com/|2016-07-20|10:29:26|2016-07-20|10:29:33|0:00:07|datawatchtech.com|Documents|0|24
https://datatables.net/examples/index|2016-07-20|10:29:33|2016-07-20|10:29:40|0:00:07|datatables.net|Documents|0|24
https://datatables.net/|2016-07-20|10:29:40|2016-07-20|10:31:43|0:02:03|datatables.net|Documents|0|24
AdmProyectos - NetBeans IDE 8.1|2016-07-20|10:31:43|2016-07-20|10:33:51|0:02:08|NetBeans IDE 8.1|Applications|1|24
https://datatables.net/|2016-07-20|10:33:51|2016-07-20|10:34:54|0:01:03|datatables.net|Documents|0|24
AdmProyectos - NetBeans IDE 8.1|2016-07-20|10:34:54|2016-07-20|10:35:01|0:00:07|NetBeans IDE 8.1|Applications|1|24
MINGW64:/c/Users/estudiante.2016/Downloads/AdmProyectos|2016-07-20|10:35:01|2016-07-20|10:37:18|0:02:17|mintty|Applications|1|24
Administrador de Proyectos - Google Chrome|2016-07-20|10:37:23|2016-07-20|10:38:31|0:01:08|Google Chrome|Applications|0|24
https://datatables.net/|2016-07-20|10:37:18|2016-07-20|10:37:23|0:00:05|datatables.net|Documents|0|24
http://localhost:8080/AdmProyectos/home.jsp|2016-07-20|10:37:23|2016-07-20|10:38:31|0:01:08|localhost|Documents|1|24
Notifications - Google Chrome|2016-07-20|10:38:31|2016-07-20|10:42:00|0:03:29|Google Chrome|Applications|0|24
https://github.com/notifications|2016-07-20|10:38:31|2016-07-20|10:42:00|0:03:29|github.com|Documents|1|24
AdmProyectos - NetBeans IDE 8.1|2016-07-20|10:42:00|2016-07-20|10:43:43|0:01:43|NetBeans IDE 8.1|Applications|1|24
Conversaciones: Branny Jamil Chito Chalan - Google Chrome|2016-07-20|10:43:43|2016-07-20|10:43:48|0:00:05|Google Chrome|Applications|0|24
Notifications - Google Chrome|2016-07-20|10:43:48|2016-07-20|10:44:08|0:00:20|Google Chrome|Applications|0|24
https://www.sidweb.espol.edu.ec/conversations#/conversations/222412|2016-07-20|10:43:43|2016-07-20|10:43:48|0:00:05|www.sidweb.espol.edu.ec|Documents|0|24
https://github.com/notifications|2016-07-20|10:43:48|2016-07-20|10:44:08|0:00:20|github.com|Documents|1|24
MINGW64:/c/Users/estudiante.2016/Downloads/AdmProyectos|2016-07-20|10:44:08|2016-07-20|10:46:20|0:02:12|mintty|Applications|1|24
OpenSSH|2016-07-20|10:46:20|2016-07-20|10:46:29|0:00:09|Tk 8.6 for Windows|Applications|0|24
MINGW64:/c/Users/estudiante.2016/Downloads/AdmProyectos|2016-07-20|10:46:29|2016-07-20|10:54:43|0:08:14|mintty|Applications|1|24
AdmProyectos - NetBeans IDE 8.1|2016-07-20|10:54:43|2016-07-20|10:55:12|0:00:29|NetBeans IDE 8.1|Applications|1|24
shortcuts-80.pdf - Google Chrome|2016-07-20|10:55:12|2016-07-20|10:55:17|0:00:05|Google Chrome|Applications|0|24
Administrador de Proyectos - Google Chrome|2016-07-20|10:55:17|2016-07-20|10:55:26|0:00:09|Google Chrome|Applications|0|24
Administrador de Proyectos - Google Chrome|2016-07-20|10:55:26|2016-07-20|10:58:33|0:03:07|Google Chrome|Applications|0|24
https://netbeans.org/project_downloads/usersguide/shortcuts-80.pdf|2016-07-20|10:55:12|2016-07-20|10:55:17|0:00:05|netbeans.org|Documents|1|24
http://localhost:8080/AdmProyectos/home.jsp|2016-07-20|10:55:17|2016-07-20|10:55:26|0:00:09|localhost|Documents|1|24
http://localhost:8080/AdmProyectos/home.jsp?inputNombre=&inputEmail=&selectRol=1|2016-07-20|10:55:26|2016-07-20|10:58:33|0:03:07|localhost|Documents|1|24
AdmProyectos - NetBeans IDE 8.1|2016-07-20|10:58:33|2016-07-20|11:00:50|0:02:17|NetBeans IDE 8.1|Applications|1|24
New Servlet|2016-07-20|11:00:50|2016-07-20|11:01:13|0:00:23|NetBeans IDE 8.1|Applications|1|24
AdmProyectos - NetBeans IDE 8.1|2016-07-20|11:01:13|2016-07-20|11:02:01|0:00:48|NetBeans IDE 8.1|Applications|1|24
Conversaciones: Branny Jamil Chito Chalan - Google Chrome|2016-07-20|11:02:01|2016-07-20|11:02:24|0:00:23|Google Chrome|Applications|0|24
https://www.sidweb.espol.edu.ec/conversations#/conversations/222412|2016-07-20|11:02:01|2016-07-20|11:02:24|0:00:23|www.sidweb.espol.edu.ec|Documents|0|24
http://api.jquery.com/jQuery.ajax/|2016-07-20|11:02:24|2016-07-20|11:02:29|0:00:05|api.jquery.com|Documents|0|24
https://datatables.net/|2016-07-20|11:02:29|2016-07-20|11:02:55|0:00:26|datatables.net|Documents|0|24
shortcuts-80.pdf - Google Chrome|2016-07-20|11:02:55|2016-07-20|11:03:02|0:00:07|Google Chrome|Applications|0|24
AdmProyectos - NetBeans IDE 8.1|2016-07-20|11:03:17|2016-07-20|11:03:25|0:00:08|NetBeans IDE 8.1|Applications|1|24
Conmutación de tareas|2016-07-20|11:03:45|2016-07-20|11:03:50|0:00:05|Sistema operativo Microsoft® Windows®|Applications|0|24
AdmProyectos - NetBeans IDE 8.1|2016-07-20|11:03:50|2016-07-20|11:04:08|0:00:18|NetBeans IDE 8.1|Applications|1|24
https://netbeans.org/project_downloads/usersguide/shortcuts-80.pdf|2016-07-20|11:02:55|2016-07-20|11:03:02|0:00:07|netbeans.org|Documents|1|24
https://datatables.net/|2016-07-20|11:03:02|2016-07-20|11:03:17|0:00:15|datatables.net|Documents|0|24
https://datatables.net/|2016-07-20|11:03:25|2016-07-20|11:03:45|0:00:20|datatables.net|Documents|0|24
MINGW64:/c/Users/estudiante.2016/Downloads/AdmProyectos|2016-07-20|11:04:08|2016-07-20|11:04:27|0:00:19|mintty|Applications|1|24
AdmProyectos - NetBeans IDE 8.1|2016-07-20|11:04:27|2016-07-20|11:07:55|0:03:28|NetBeans IDE 8.1|Applications|1|24
MINGW64:/c/Users/estudiante.2016/Downloads/AdmProyectos|2016-07-20|11:07:55|2016-07-20|11:08:40|0:00:45|mintty|Applications|1|24
AdmProyectos - NetBeans IDE 8.1|2016-07-20|11:08:40|2016-07-20|11:11:17|0:02:37|NetBeans IDE 8.1|Applications|1|24
Conmutación de tareas|2016-07-20|11:11:17|2016-07-20|11:11:27|0:00:10|Sistema operativo Microsoft® Windows®|Applications|0|24
AdmProyectos - NetBeans IDE 8.1|2016-07-20|11:11:27|2016-07-20|11:25:50|0:14:23|NetBeans IDE 8.1|Applications|1|24
https://datatables.net/|2016-07-20|11:25:50|2016-07-20|11:26:14|0:00:24|datatables.net|Documents|0|24
AdmProyectos - NetBeans IDE 8.1|2016-07-20|11:26:14|2016-07-20|11:28:36|0:02:22|NetBeans IDE 8.1|Applications|1|24
MINGW64:/c/Users/estudiante.2016/Downloads/AdmProyectos|2016-07-20|11:44:12|2016-07-20|11:44:42|0:00:30|mintty|Applications|1|24
OpenSSH|2016-07-20|11:44:42|2016-07-20|11:44:49|0:00:07|Tk 8.6 for Windows|Applications|0|24
AdmProyectos - NetBeans IDE 8.1|2016-07-20|11:44:49|2016-07-20|11:44:55|0:00:06|NetBeans IDE 8.1|Applications|1|24
Stopping GlassFish Server 4.1.1|2016-07-20|11:44:55|2016-07-20|11:45:05|0:00:10|NetBeans IDE 8.1|Applications|1|24
Program Manager|2016-07-20|11:45:05|2016-07-20|11:45:12|0:00:07|Sistema operativo Microsoft® Windows®|Applications|0|24
Menú Inicio|2016-07-20|11:45:12|2016-07-20|11:45:14|0:00:02|Sistema operativo Microsoft® Windows®|Applications|0|24
Program Manager|2016-07-20|12:42:59|2016-07-20|12:44:28|0:01:29|Sistema operativo Microsoft® Windows®|Applications|0|24
MINGW64:/c/Users/estudiante.2016|2016-07-20|12:44:28|2016-07-20|12:44:58|0:00:30|mintty|Applications|1|24
MINGW64:/c/Users/estudiante.2016/Desktop|2016-07-20|12:44:58|2016-07-20|12:47:00|0:02:02|mintty|Applications|1|24
Program Manager|2016-08-04|10:22:23|2016-08-04|10:22:33|0:00:10|Sistema operativo Microsoft® Windows®|Applications|0|24
Espere mientras se abre la aplicación|2016-08-04|10:22:33|2016-08-04|10:22:41|0:00:08|ManicTime|Applications|0|24
csrss|2016-08-04|10:22:41|2016-08-04|10:22:42|0:00:01|csrss|Applications|0|24
